Voronoi_Region,POI_Count,Transportation Facilities,Leisure & Entertainment,Companies & Enterprises,Healthcare,Commercial & Residential,Tourist Attractions,Automotive,Life Services,Science & Education & Culture,Shopping & Consumer Goods,Sports & Fitness,Hotels & Accommodations,Financial Institutions,Dining & Cuisine
0,73,0.0,0.0684931506849315,0.0958904109589041,0.0,0.0136986301369863,0.0821917808219178,0.0,0.136986301369863,0.0,0.0958904109589041,0.0410958904109589,0.1780821917808219,0.0136986301369863,0.273972602739726
1,35,0.02857142857142857,0.02857142857142857,0.11428571428571428,0.02857142857142857,0.05714285714285714,0.11428571428571428,0.0,0.17142857142857143,0.05714285714285714,0.08571428571428572,0.08571428571428572,0.11428571428571428,0.0,0.11428571428571428
2,193,0.02072538860103627,0.02072538860103627,0.05181347150259067,0.05181347150259067,0.010362694300518135,0.031088082901554404,0.07772020725388601,0.13471502590673576,0.04145077720207254,0.31088082901554404,0.0051813471502590676,0.05181347150259067,0.010362694300518135,0.18134715025906736
3,4,0.0,0.25,0.5,0.0,0.0,0.0,0.0,0.25,0.0,0.0,0.0,0.0,0.0,0.0
4,50,0.0,0.1,0.12,0.06,0.04,0.06,0.02,0.04,0.04,0.26,0.0,0.1,0.0,0.16
5,9,0.2222222222222222,0.0,0.3333333333333333,0.0,0.0,0.0,0.0,0.3333333333333333,0.0,0.0,0.0,0.0,0.0,0.1111111111111111
6,49,0.0,0.04081632653061224,0.24489795918367346,0.02040816326530612,0.02040816326530612,0.08163265306122448,0.0,0.0,0.061224489795918366,0.16326530612244897,0.08163265306122448,0.12244897959183673,0.0,0.16326530612244897
7,457,0.0262582056892779,0.006564551422319475,0.11816192560175055,0.0437636761487965,0.019693654266958426,0.00437636761487965,0.061269146608315096,0.15098468271334792,0.061269146608315096,0.350109409190372,0.010940919037199124,0.01312910284463895,0.00437636761487965,0.12910284463894967
8,92,0.0,0.09782608695652174,0.2608695652173913,0.010869565217391304,0.03260869565217391,0.021739130434782608,0.05434782608695652,0.09782608695652174,0.08695652173913043,0.11956521739130435,0.043478260869565216,0.0,0.0,0.17391304347826086
9,22,0.09090909090909091,0.09090909090909091,0.3181818181818182,0.0,0.0,0.13636363636363635,0.0,0.13636363636363635,0.09090909090909091,0.045454545454545456,0.09090909090909091,0.0,0.0,0.0
10,82,0.036585365853658534,0.15853658536585366,0.0975609756097561,0.024390243902439025,0.036585365853658534,0.10975609756097561,0.012195121951219513,0.024390243902439025,0.08536585365853659,0.036585365853658534,0.036585365853658534,0.06097560975609756,0.0,0.2804878048780488
11,637,0.0,0.02040816326530612,0.16012558869701726,0.054945054945054944,0.007849293563579277,0.004709576138147566,0.04552590266875981,0.13657770800627944,0.05023547880690738,0.3814756671899529,0.004709576138147566,0.006279434850863423,0.006279434850863423,0.12087912087912088
12,19,0.05263157894736842,0.15789473684210525,0.15789473684210525,0.0,0.0,0.2631578947368421,0.0,0.10526315789473684,0.05263157894736842,0.0,0.05263157894736842,0.10526315789473684,0.0,0.05263157894736842
13,45,0.044444444444444446,0.2,0.15555555555555556,0.044444444444444446,0.022222222222222223,0.022222222222222223,0.022222222222222223,0.022222222222222223,0.044444444444444446,0.044444444444444446,0.08888888888888889,0.2,0.0,0.08888888888888889
14,400,0.0325,0.015,0.1125,0.0325,0.0075,0.0275,0.035,0.0875,0.0425,0.355,0.015,0.025,0.0025,0.21
15,33,0.0,0.06060606060606061,0.2727272727272727,0.15151515151515152,0.0,0.12121212121212122,0.030303030303030304,0.030303030303030304,0.09090909090909091,0.030303030303030304,0.06060606060606061,0.09090909090909091,0.030303030303030304,0.030303030303030304
16,61,0.11475409836065574,0.04918032786885246,0.13114754098360656,0.04918032786885246,0.03278688524590164,0.08196721311475409,0.03278688524590164,0.01639344262295082,0.08196721311475409,0.01639344262295082,0.04918032786885246,0.18032786885245902,0.0,0.16393442622950818
17,148,0.013513513513513514,0.06756756756756757,0.28378378378378377,0.04054054054054054,0.033783783783783786,0.10135135135135136,0.060810810810810814,0.033783783783783786,0.05405405405405406,0.08783783783783784,0.02027027027027027,0.12162162162162163,0.013513513513513514,0.06756756756756757
18,74,0.02702702702702703,0.04054054054054054,0.33783783783783783,0.013513513513513514,0.013513513513513514,0.08108108108108109,0.06756756756756757,0.0945945945945946,0.04054054054054054,0.12162162162162163,0.013513513513513514,0.013513513513513514,0.0,0.13513513513513514
19,90,0.0,0.022222222222222223,0.5888888888888889,0.022222222222222223,0.011111111111111112,0.011111111111111112,0.022222222222222223,0.1111111111111111,0.011111111111111112,0.1111111111111111,0.011111111111111112,0.011111111111111112,0.0,0.06666666666666667
20,61,0.18032786885245902,0.0,0.29508196721311475,0.01639344262295082,0.08196721311475409,0.0,0.18032786885245902,0.14754098360655737,0.0,0.0,0.0,0.0,0.01639344262295082,0.08196721311475409
21,210,0.004761904761904762,0.014285714285714285,0.28095238095238095,0.01904761904761905,0.04285714285714286,0.004761904761904762,0.05714285714285714,0.06666666666666667,0.02857142857142857,0.2761904761904762,0.004761904761904762,0.01904761904761905,0.0,0.18095238095238095
22,76,0.0,0.02631578947368421,0.4605263157894737,0.0,0.02631578947368421,0.02631578947368421,0.10526315789473684,0.09210526315789473,0.10526315789473684,0.09210526315789473,0.013157894736842105,0.0,0.0,0.05263157894736842
23,266,0.0037593984962406013,0.015037593984962405,0.06390977443609022,0.06390977443609022,0.015037593984962405,0.0037593984962406013,0.04887218045112782,0.13533834586466165,0.03759398496240601,0.46616541353383456,0.0,0.011278195488721804,0.0037593984962406013,0.13157894736842105
24,17,0.0,0.058823529411764705,0.23529411764705882,0.058823529411764705,0.0,0.11764705882352941,0.0,0.17647058823529413,0.29411764705882354,0.058823529411764705,0.0,0.0,0.0,0.0
25,32,0.0,0.03125,0.4375,0.0625,0.03125,0.03125,0.0,0.125,0.125,0.125,0.0,0.0,0.03125,0.0
26,320,0.00625,0.01875,0.271875,0.0125,0.040625,0.0125,0.05625,0.1125,0.05625,0.15,0.009375,0.040625,0.0,0.2125
27,90,0.07777777777777778,0.14444444444444443,0.25555555555555554,0.011111111111111112,0.011111111111111112,0.08888888888888889,0.011111111111111112,0.03333333333333333,0.1,0.1111111111111111,0.011111111111111112,0.06666666666666667,0.0,0.07777777777777778
28,37,0.02702702702702703,0.16216216216216217,0.02702702702702703,0.0,0.0,0.02702702702702703,0.0,0.02702702702702703,0.02702702702702703,0.05405405405405406,0.08108108108108109,0.1891891891891892,0.0,0.3783783783783784
29,50,0.02,0.14,0.52,0.04,0.0,0.0,0.0,0.04,0.02,0.04,0.04,0.0,0.02,0.12
30,699,0.020028612303290415,0.00715307582260372,0.30185979971387694,0.00715307582260372,0.024320457796852647,0.13733905579399142,0.030042918454935622,0.07296137339055794,0.06866952789699571,0.1530758226037196,0.005722460658082976,0.004291845493562232,0.004291845493562232,0.1630901287553648
31,558,0.01971326164874552,0.007168458781362007,0.1057347670250896,0.053763440860215055,0.01971326164874552,0.010752688172043012,0.05734767025089606,0.12544802867383512,0.043010752688172046,0.36200716845878134,0.008960573476702509,0.016129032258064516,0.01971326164874552,0.15053763440860216
32,206,0.009708737864077669,0.009708737864077669,0.24271844660194175,0.03398058252427184,0.019417475728155338,0.009708737864077669,0.11650485436893204,0.0970873786407767,0.009708737864077669,0.3106796116504854,0.0,0.024271844660194174,0.0048543689320388345,0.11165048543689321
33,54,0.0,0.0,0.42592592592592593,0.0,0.1111111111111111,0.018518518518518517,0.09259259259259259,0.16666666666666666,0.05555555555555555,0.07407407407407407,0.018518518518518517,0.0,0.0,0.037037037037037035
34,101,0.0,0.019801980198019802,0.6633663366336634,0.019801980198019802,0.039603960396039604,0.019801980198019802,0.0297029702970297,0.07920792079207921,0.039603960396039604,0.04950495049504951,0.0,0.0,0.0,0.039603960396039604
35,782,0.03836317135549872,0.016624040920716114,0.1867007672634271,0.049872122762148335,0.01918158567774936,0.005115089514066497,0.01918158567774936,0.13171355498721227,0.056265984654731455,0.2813299232736573,0.01278772378516624,0.0076726342710997444,0.008951406649616368,0.16624040920716113
36,77,0.025974025974025976,0.0,0.36363636363636365,0.03896103896103896,0.012987012987012988,0.03896103896103896,0.025974025974025976,0.09090909090909091,0.05194805194805195,0.12987012987012986,0.0,0.0,0.012987012987012988,0.2077922077922078
37,885,0.030508474576271188,0.023728813559322035,0.13898305084745763,0.005649717514124294,0.023728813559322035,0.003389830508474576,0.08700564971751412,0.12429378531073447,0.02711864406779661,0.3050847457627119,0.01807909604519774,0.02937853107344633,0.007909604519774011,0.1751412429378531
38,1665,0.06966966966966967,0.016216216216216217,0.08768768768768768,0.03903903903903904,0.022822822822822823,0.013813813813813814,0.021621621621621623,0.14534534534534535,0.06006006006006006,0.2918918918918919,0.014414414414414415,0.015615615615615615,0.022222222222222223,0.17957957957957957
39,103,0.02912621359223301,0.14563106796116504,0.1941747572815534,0.009708737864077669,0.0,0.038834951456310676,0.019417475728155338,0.05825242718446602,0.038834951456310676,0.1941747572815534,0.07766990291262135,0.02912621359223301,0.019417475728155338,0.14563106796116504
40,104,0.019230769230769232,0.07692307692307693,0.4230769230769231,0.019230769230769232,0.009615384615384616,0.14423076923076922,0.038461538461538464,0.028846153846153848,0.038461538461538464,0.057692307692307696,0.009615384615384616,0.0673076923076923,0.0,0.0673076923076923
41,30,0.0,0.03333333333333333,0.36666666666666664,0.03333333333333333,0.03333333333333333,0.13333333333333333,0.0,0.13333333333333333,0.1,0.1,0.0,0.03333333333333333,0.0,0.03333333333333333
42,200,0.075,0.03,0.09,0.05,0.035,0.07,0.055,0.145,0.075,0.245,0.01,0.015,0.005,0.1
43,48,0.0,0.041666666666666664,0.25,0.0625,0.020833333333333332,0.020833333333333332,0.041666666666666664,0.08333333333333333,0.08333333333333333,0.2708333333333333,0.0,0.0,0.0,0.125
44,215,0.009302325581395349,0.018604651162790697,0.08837209302325581,0.05581395348837209,0.013953488372093023,0.004651162790697674,0.05581395348837209,0.14418604651162792,0.06511627906976744,0.4046511627906977,0.004651162790697674,0.004651162790697674,0.013953488372093023,0.11627906976744186
45,39,0.05128205128205128,0.05128205128205128,0.20512820512820512,0.07692307692307693,0.0,0.1282051282051282,0.0,0.05128205128205128,0.07692307692307693,0.0,0.05128205128205128,0.2564102564102564,0.02564102564102564,0.02564102564102564
46,219,0.0547945205479452,0.0045662100456621,0.1872146118721461,0.0136986301369863,0.0273972602739726,0.0045662100456621,0.2648401826484018,0.0547945205479452,0.0319634703196347,0.2648401826484018,0.0045662100456621,0.0,0.0,0.0867579908675799
47,2,0.0,0.0,0.5,0.0,0.5,0.0,0.0,0.0,0.0,0.0,0.0,0.0,0.0,0.0
48,18,0.16666666666666666,0.05555555555555555,0.05555555555555555,0.0,0.0,0.3333333333333333,0.05555555555555555,0.05555555555555555,0.1111111111111111,0.05555555555555555,0.1111111111111111,0.0,0.0,0.0
49,185,0.04864864864864865,0.0918918918918919,0.032432432432432434,0.021621621621621623,0.021621621621621623,0.0918918918918919,0.010810810810810811,0.03783783783783784,0.016216216216216217,0.043243243243243246,0.04864864864864865,0.32972972972972975,0.0,0.20540540540540542
50,14,0.0,0.0,0.2857142857142857,0.0,0.07142857142857142,0.0,0.0,0.14285714285714285,0.07142857142857142,0.07142857142857142,0.0,0.35714285714285715,0.0,0.0
51,12,0.0,0.0,0.0,0.0,0.0,0.4166666666666667,0.0,0.25,0.16666666666666666,0.0,0.0,0.0,0.0,0.16666666666666666
52,142,0.04929577464788732,0.04929577464788732,0.04929577464788732,0.028169014084507043,0.04225352112676056,0.34507042253521125,0.035211267605633804,0.007042253521126761,0.035211267605633804,0.06338028169014084,0.02112676056338028,0.15492957746478872,0.0,0.11971830985915492
53,231,0.008658008658008658,0.017316017316017316,0.2554112554112554,0.04329004329004329,0.06060606060606061,0.021645021645021644,0.004329004329004329,0.1471861471861472,0.030303030303030304,0.1471861471861472,0.004329004329004329,0.012987012987012988,0.008658008658008658,0.23809523809523808
54,579,0.013816925734024179,0.0051813471502590676,0.37305699481865284,0.010362694300518135,0.013816925734024179,0.0051813471502590676,0.0690846286701209,0.07599309153713299,0.02072538860103627,0.35751295336787564,0.0051813471502590676,0.0017271157167530224,0.0,0.04835924006908463
55,489,0.05521472392638037,0.006134969325153374,0.33537832310838445,0.010224948875255624,0.018404907975460124,0.06339468302658487,0.049079754601226995,0.07770961145194274,0.07975460122699386,0.15132924335378323,0.010224948875255624,0.0081799591002045,0.0,0.13496932515337423
56,93,0.010752688172043012,0.0,0.44086021505376344,0.06451612903225806,0.021505376344086023,0.010752688172043012,0.03225806451612903,0.12903225806451613,0.043010752688172046,0.12903225806451613,0.0,0.021505376344086023,0.010752688172043012,0.08602150537634409
57,44,0.045454545454545456,0.11363636363636363,0.20454545454545456,0.022727272727272728,0.022727272727272728,0.045454545454545456,0.045454545454545456,0.06818181818181818,0.1590909090909091,0.13636363636363635,0.06818181818181818,0.0,0.0,0.06818181818181818
58,31,0.0,0.0967741935483871,0.4838709677419355,0.0967741935483871,0.06451612903225806,0.0967741935483871,0.0,0.0,0.03225806451612903,0.03225806451612903,0.0,0.0,0.0,0.0967741935483871
59,92,0.0,0.0,0.7391304347826086,0.03260869565217391,0.010869565217391304,0.0,0.010869565217391304,0.05434782608695652,0.021739130434782608,0.10869565217391304,0.0,0.0,0.0,0.021739130434782608
60,31,0.03225806451612903,0.0,0.7419354838709677,0.0,0.0,0.0,0.0,0.0,0.06451612903225806,0.06451612903225806,0.03225806451612903,0.0,0.0,0.06451612903225806
61,72,0.0,0.013888888888888888,0.5694444444444444,0.041666666666666664,0.013888888888888888,0.08333333333333333,0.06944444444444445,0.0,0.027777777777777776,0.1388888888888889,0.027777777777777776,0.0,0.0,0.013888888888888888
62,62,0.016129032258064516,0.04838709677419355,0.5806451612903226,0.016129032258064516,0.03225806451612903,0.03225806451612903,0.0,0.0,0.08064516129032258,0.08064516129032258,0.0,0.0,0.0,0.11290322580645161
63,477,0.020964360587002098,0.010482180293501049,0.20964360587002095,0.05241090146750524,0.008385744234800839,0.008385744234800839,0.050314465408805034,0.14255765199161424,0.033542976939203356,0.3270440251572327,0.006289308176100629,0.008385744234800839,0.010482180293501049,0.1111111111111111
64,104,0.019230769230769232,0.0,0.4423076923076923,0.028846153846153848,0.04807692307692308,0.04807692307692308,0.09615384615384616,0.0673076923076923,0.028846153846153848,0.09615384615384616,0.0,0.0,0.0,0.125
65,691,0.01447178002894356,0.00723589001447178,0.1476121562952243,0.059334298118668596,0.01881331403762663,0.002894356005788712,0.04775687409551375,0.12735166425470332,0.023154848046309694,0.341534008683068,0.0,0.011577424023154847,0.005788712011577424,0.19247467438494936
66,252,0.011904761904761904,0.011904761904761904,0.42857142857142855,0.015873015873015872,0.023809523809523808,0.023809523809523808,0.08333333333333333,0.07936507936507936,0.04365079365079365,0.13095238095238096,0.0,0.015873015873015872,0.011904761904761904,0.11904761904761904
67,63,0.0,0.015873015873015872,0.8253968253968254,0.0,0.06349206349206349,0.0,0.0,0.031746031746031744,0.015873015873015872,0.031746031746031744,0.0,0.0,0.0,0.015873015873015872
68,67,0.0,0.029850746268656716,0.5671641791044776,0.014925373134328358,0.04477611940298507,0.08955223880597014,0.029850746268656716,0.0,0.05970149253731343,0.11940298507462686,0.014925373134328358,0.0,0.0,0.029850746268656716
69,308,0.003246753246753247,0.025974025974025976,0.11688311688311688,0.02922077922077922,0.03896103896103896,0.003246753246753247,0.03571428571428571,0.08441558441558442,0.06493506493506493,0.06818181818181818,0.01948051948051948,0.10064935064935066,0.006493506493506494,0.4025974025974026
70,51,0.0,0.11764705882352941,0.43137254901960786,0.0196078431372549,0.0392156862745098,0.0,0.0392156862745098,0.11764705882352941,0.0392156862745098,0.0,0.09803921568627451,0.0,0.0,0.09803921568627451
71,125,0.016,0.152,0.064,0.04,0.024,0.048,0.008,0.056,0.008,0.24,0.048,0.032,0.0,0.264
72,302,0.009933774834437087,0.016556291390728478,0.2781456953642384,0.04966887417218543,0.019867549668874173,0.009933774834437087,0.13245033112582782,0.09271523178807947,0.026490066225165563,0.19205298013245034,0.019867549668874173,0.006622516556291391,0.023178807947019868,0.12251655629139073
73,599,0.10517529215358931,0.00333889816360601,0.41068447412353926,0.03005008347245409,0.08180300500834725,0.005008347245409015,0.04006677796327212,0.08848080133555926,0.028380634390651086,0.08347245409015025,0.0,0.00667779632721202,0.005008347245409015,0.11185308848080133
74,109,0.03669724770642202,0.009174311926605505,0.12844036697247707,0.027522935779816515,0.05504587155963303,0.03669724770642202,0.01834862385321101,0.1926605504587156,0.045871559633027525,0.11926605504587157,0.009174311926605505,0.009174311926605505,0.0,0.3119266055045872
75,48,0.0,0.041666666666666664,0.2916666666666667,0.0,0.0625,0.0,0.0,0.0,0.20833333333333334,0.0625,0.0,0.0,0.0,0.3333333333333333
76,96,0.125,0.010416666666666666,0.34375,0.020833333333333332,0.09375,0.07291666666666667,0.0,0.10416666666666667,0.09375,0.0625,0.0,0.010416666666666666,0.010416666666666666,0.052083333333333336
77,2868,0.07705718270571828,0.01499302649930265,0.08472803347280335,0.043933054393305436,0.02615062761506276,0.001394700139470014,0.02405857740585774,0.14714086471408647,0.051952580195258016,0.3190376569037657,0.005578800557880056,0.011506276150627616,0.011157601115760111,0.18131101813110181
78,157,0.012738853503184714,0.05732484076433121,0.19745222929936307,0.012738853503184714,0.025477707006369428,0.05732484076433121,0.09554140127388536,0.14012738853503184,0.05732484076433121,0.17197452229299362,0.012738853503184714,0.03184713375796178,0.0,0.12738853503184713
79,2940,0.060884353741496595,0.01292517006802721,0.09047619047619047,0.047619047619047616,0.023809523809523808,0.0020408163265306124,0.10102040816326531,0.15034013605442176,0.0336734693877551,0.28843537414965986,0.00510204081632653,0.005782312925170068,0.006802721088435374,0.17108843537414967
80,150,0.08666666666666667,0.013333333333333334,0.18,0.006666666666666667,0.08666666666666667,0.006666666666666667,0.04,0.14666666666666667,0.08666666666666667,0.16,0.02,0.02,0.006666666666666667,0.14
81,311,0.028938906752411574,0.03215434083601286,0.13183279742765272,0.04823151125401929,0.028938906752411574,0.006430868167202572,0.12218649517684887,0.15755627009646303,0.06430868167202572,0.22508038585209003,0.01607717041800643,0.0,0.022508038585209004,0.1157556270096463
82,14,0.0,0.0,0.21428571428571427,0.07142857142857142,0.14285714285714285,0.07142857142857142,0.0,0.07142857142857142,0.0,0.07142857142857142,0.07142857142857142,0.07142857142857142,0.0,0.21428571428571427
83,1142,0.04115586690017513,0.0043782837127845885,0.11733800350262696,0.05691768826619965,0.028021015761821366,0.0,0.06567425569176882,0.15586690017513136,0.11821366024518389,0.2425569176882662,0.013134851138353765,0.0017513134851138354,0.02276707530647986,0.13222416812609458
84,552,0.041666666666666664,0.0018115942028985507,0.18659420289855072,0.018115942028985508,0.019927536231884056,0.0,0.14855072463768115,0.08514492753623189,0.014492753623188406,0.4057971014492754,0.0036231884057971015,0.005434782608695652,0.005434782608695652,0.06340579710144928
85,26,0.0,0.07692307692307693,0.34615384615384615,0.07692307692307693,0.038461538461538464,0.11538461538461539,0.0,0.038461538461538464,0.15384615384615385,0.07692307692307693,0.0,0.038461538461538464,0.0,0.038461538461538464
86,19,0.0,0.05263157894736842,0.6842105263157895,0.05263157894736842,0.0,0.0,0.0,0.10526315789473684,0.0,0.0,0.05263157894736842,0.0,0.0,0.05263157894736842
87,11,0.0,0.0,0.45454545454545453,0.0,0.0,0.0,0.0,0.09090909090909091,0.09090909090909091,0.2727272727272727,0.0,0.0,0.0,0.09090909090909091
88,86,0.023255813953488372,0.011627906976744186,0.19767441860465115,0.011627906976744186,0.011627906976744186,0.05813953488372093,0.08139534883720931,0.08139534883720931,0.08139534883720931,0.12790697674418605,0.023255813953488372,0.10465116279069768,0.0,0.18604651162790697
89,602,0.02823920265780731,0.011627906976744186,0.06312292358803986,0.04983388704318937,0.009966777408637873,0.0049833887043189366,0.059800664451827246,0.14285714285714285,0.03820598006644518,0.39368770764119604,0.0016611295681063123,0.019933554817275746,0.008305647840531562,0.16777408637873753
90,11,0.0,0.0,0.5454545454545454,0.0,0.09090909090909091,0.0,0.09090909090909091,0.0,0.0,0.2727272727272727,0.0,0.0,0.0,0.0
91,27,0.0,0.07407407407407407,0.1111111111111111,0.0,0.0,0.037037037037037035,0.0,0.0,0.0,0.25925925925925924,0.1111111111111111,0.18518518518518517,0.0,0.2222222222222222
92,41,0.07317073170731707,0.12195121951219512,0.3170731707317073,0.04878048780487805,0.04878048780487805,0.07317073170731707,0.024390243902439025,0.04878048780487805,0.04878048780487805,0.04878048780487805,0.0,0.024390243902439025,0.0,0.12195121951219512
93,56,0.0,0.05357142857142857,0.4642857142857143,0.017857142857142856,0.03571428571428571,0.017857142857142856,0.07142857142857142,0.08928571428571429,0.14285714285714285,0.017857142857142856,0.03571428571428571,0.0,0.0,0.05357142857142857
94,200,0.0,0.01,0.52,0.025,0.0,0.015,0.045,0.065,0.085,0.045,0.03,0.02,0.005,0.135
95,127,0.031496062992125984,0.05511811023622047,0.2992125984251969,0.023622047244094488,0.023622047244094488,0.15748031496062992,0.007874015748031496,0.05511811023622047,0.08661417322834646,0.08661417322834646,0.015748031496062992,0.03937007874015748,0.007874015748031496,0.11023622047244094
96,27,0.0,0.1111111111111111,0.3333333333333333,0.0,0.0,0.18518518518518517,0.0,0.0,0.037037037037037035,0.1111111111111111,0.07407407407407407,0.07407407407407407,0.0,0.07407407407407407
97,33,0.0,0.030303030303030304,0.24242424242424243,0.030303030303030304,0.0,0.0,0.030303030303030304,0.09090909090909091,0.09090909090909091,0.30303030303030304,0.0,0.0,0.030303030303030304,0.15151515151515152
98,189,0.037037037037037035,0.015873015873015872,0.1746031746031746,0.026455026455026454,0.037037037037037035,0.015873015873015872,0.09523809523809523,0.1693121693121693,0.06349206349206349,0.14814814814814814,0.037037037037037035,0.021164021164021163,0.005291005291005291,0.15343915343915343
99,469,0.14072494669509594,0.0021321961620469083,0.0767590618336887,0.02771855010660981,0.02771855010660981,0.017057569296375266,0.021321961620469083,0.11513859275053305,0.021321961620469083,0.13432835820895522,0.0042643923240938165,0.21321961620469082,0.0021321961620469083,0.19616204690831557
100,638,0.023510971786833857,0.004702194357366771,0.16300940438871472,0.02664576802507837,0.029780564263322883,0.0109717868338558,0.02664576802507837,0.07210031347962383,0.025078369905956112,0.08463949843260188,0.006269592476489028,0.34796238244514105,0.003134796238244514,0.1755485893416928
101,775,0.027096774193548386,0.01032258064516129,0.14580645161290323,0.023225806451612905,0.027096774193548386,0.007741935483870968,0.04516129032258064,0.40516129032258064,0.007741935483870968,0.14967741935483872,0.003870967741935484,0.01806451612903226,0.0012903225806451613,0.12774193548387097
102,30,0.0,0.06666666666666667,0.03333333333333333,0.03333333333333333,0.0,0.1,0.0,0.03333333333333333,0.06666666666666667,0.03333333333333333,0.13333333333333333,0.06666666666666667,0.0,0.43333333333333335
103,21,0.0,0.09523809523809523,0.38095238095238093,0.09523809523809523,0.0,0.0,0.047619047619047616,0.047619047619047616,0.14285714285714285,0.19047619047619047,0.0,0.0,0.0,0.0
104,25,0.0,0.08,0.2,0.08,0.0,0.04,0.0,0.36,0.04,0.08,0.04,0.0,0.0,0.08
105,173,0.04046242774566474,0.08670520231213873,0.12138728323699421,0.04046242774566474,0.005780346820809248,0.046242774566473986,0.08670520231213873,0.05202312138728324,0.09248554913294797,0.16184971098265896,0.06936416184971098,0.03468208092485549,0.011560693641618497,0.15028901734104047
106,923,0.07042253521126761,0.015167930660888408,0.1635969664138678,0.013001083423618635,0.03358613217768147,0.0032502708559046588,0.056338028169014086,0.14409534127843987,0.07367280606717226,0.26543878656554715,0.005417118093174431,0.016251354279523293,0.0021668472372697724,0.13759479956663057
107,277,0.0,0.018050541516245487,0.6389891696750902,0.010830324909747292,0.007220216606498195,0.007220216606498195,0.02527075812274368,0.06859205776173286,0.010830324909747292,0.09747292418772563,0.007220216606498195,0.007220216606498195,0.0036101083032490976,0.09747292418772563
108,38,0.0,0.15789473684210525,0.39473684210526316,0.0,0.0,0.0,0.02631578947368421,0.07894736842105263,0.10526315789473684,0.05263157894736842,0.18421052631578946,0.0,0.0,0.0
109,87,0.011494252873563218,0.04597701149425287,0.3793103448275862,0.0,0.022988505747126436,0.022988505747126436,0.05747126436781609,0.09195402298850575,0.034482758620689655,0.12643678160919541,0.04597701149425287,0.011494252873563218,0.011494252873563218,0.13793103448275862
110,159,0.006289308176100629,0.09433962264150944,0.3836477987421384,0.018867924528301886,0.012578616352201259,0.025157232704402517,0.006289308176100629,0.06918238993710692,0.03773584905660377,0.11949685534591195,0.0440251572327044,0.018867924528301886,0.006289308176100629,0.15723270440251572
111,434,0.013824884792626729,0.002304147465437788,0.4216589861751152,0.027649769585253458,0.02534562211981567,0.018433179723502304,0.03686635944700461,0.07603686635944701,0.05069124423963134,0.12442396313364056,0.009216589861751152,0.027649769585253458,0.0,0.16589861751152074
112,1047,0.012416427889207259,0.009551098376313277,0.17191977077363896,0.04011461318051576,0.02387774594078319,0.0028653295128939827,0.05921680993314231,0.13944603629417382,0.04011461318051576,0.2617000955109838,0.0066857688634192934,0.038204393505253106,0.0038204393505253103,0.19006685768863418
113,266,0.0037593984962406013,0.011278195488721804,0.47368421052631576,0.015037593984962405,0.07142857142857142,0.011278195488721804,0.015037593984962405,0.05263157894736842,0.07894736842105263,0.14661654135338345,0.007518796992481203,0.007518796992481203,0.0,0.10526315789473684
114,123,0.0,0.032520325203252036,0.43089430894308944,0.032520325203252036,0.0,0.032520325203252036,0.008130081300813009,0.10569105691056911,0.04878048780487805,0.18699186991869918,0.008130081300813009,0.04065040650406504,0.0,0.07317073170731707
115,122,0.040983606557377046,0.03278688524590164,0.39344262295081966,0.01639344262295082,0.08196721311475409,0.01639344262295082,0.10655737704918032,0.04918032786885246,0.01639344262295082,0.09836065573770492,0.03278688524590164,0.04918032786885246,0.0,0.06557377049180328
116,59,0.01694915254237288,0.01694915254237288,0.5084745762711864,0.03389830508474576,0.06779661016949153,0.0847457627118644,0.0,0.03389830508474576,0.01694915254237288,0.1864406779661017,0.0,0.0,0.0,0.03389830508474576
117,157,0.006369426751592357,0.006369426751592357,0.35668789808917195,0.025477707006369428,0.025477707006369428,0.006369426751592357,0.012738853503184714,0.05732484076433121,0.050955414012738856,0.2356687898089172,0.006369426751592357,0.0,0.0,0.21019108280254778
118,202,0.0049504950495049506,0.0297029702970297,0.3613861386138614,0.009900990099009901,0.019801980198019802,0.0,0.07425742574257425,0.06930693069306931,0.009900990099009901,0.2722772277227723,0.009900990099009901,0.0,0.01485148514851485,0.12376237623762376
119,11,0.09090909090909091,0.0,0.7272727272727273,0.0,0.0,0.0,0.0,0.09090909090909091,0.0,0.0,0.09090909090909091,0.0,0.0,0.0
120,148,0.04054054054054054,0.013513513513513514,0.12162162162162163,0.08108108108108109,0.04054054054054054,0.02027027027027027,0.006756756756756757,0.22297297297297297,0.02027027027027027,0.20270270270270271,0.0,0.02027027027027027,0.0,0.20945945945945946
121,12,0.0,0.0,0.4166666666666667,0.0,0.08333333333333333,0.16666666666666666,0.0,0.08333333333333333,0.08333333333333333,0.0,0.08333333333333333,0.0,0.0,0.08333333333333333
122,646,0.17027863777089783,0.017027863777089782,0.09752321981424149,0.02321981424148607,0.04953560371517028,0.11455108359133127,0.02631578947368421,0.10526315789473684,0.08359133126934984,0.10835913312693499,0.029411764705882353,0.034055727554179564,0.006191950464396285,0.1346749226006192
123,171,0.09941520467836257,0.03508771929824561,0.0935672514619883,0.04093567251461988,0.05847953216374269,0.023391812865497075,0.029239766081871343,0.15204678362573099,0.05263157894736842,0.15789473684210525,0.029239766081871343,0.03508771929824561,0.005847953216374269,0.1871345029239766
124,192,0.041666666666666664,0.015625,0.4427083333333333,0.036458333333333336,0.046875,0.036458333333333336,0.005208333333333333,0.11458333333333333,0.036458333333333336,0.08333333333333333,0.0,0.020833333333333332,0.0,0.11979166666666667
125,170,0.06470588235294118,0.03529411764705882,0.08235294117647059,0.052941176470588235,0.12352941176470589,0.029411764705882353,0.0,0.16470588235294117,0.12352941176470589,0.12941176470588237,0.023529411764705882,0.01764705882352941,0.011764705882352941,0.1411764705882353
126,72,0.125,0.027777777777777776,0.08333333333333333,0.013888888888888888,0.0,0.375,0.041666666666666664,0.09722222222222222,0.06944444444444445,0.08333333333333333,0.013888888888888888,0.0,0.0,0.06944444444444445
127,165,0.09696969696969697,0.006060606060606061,0.05454545454545454,0.07272727272727272,0.04242424242424243,0.006060606060606061,0.048484848484848485,0.21818181818181817,0.11515151515151516,0.14545454545454545,0.04242424242424243,0.0,0.006060606060606061,0.14545454545454545
128,126,0.23015873015873015,0.023809523809523808,0.07142857142857142,0.047619047619047616,0.09523809523809523,0.03968253968253968,0.03968253968253968,0.07142857142857142,0.07142857142857142,0.14285714285714285,0.007936507936507936,0.023809523809523808,0.0,0.1349206349206349
129,528,0.05303030303030303,0.03409090909090909,0.14204545454545456,0.03977272727272727,0.026515151515151516,0.011363636363636364,0.028409090909090908,0.17424242424242425,0.06628787878787878,0.1590909090909091,0.022727272727272728,0.022727272727272728,0.007575757575757576,0.21212121212121213
130,1402,0.046362339514978604,0.021398002853067047,0.20684736091298145,0.029957203994293864,0.03851640513552068,0.0042796005706134095,0.009985734664764621,0.09629101283880172,0.03209700427960057,0.2225392296718973,0.012125534950071327,0.029243937232524966,0.021398002853067047,0.2289586305278174
131,511,0.019569471624266144,0.029354207436399216,0.2876712328767123,0.01761252446183953,0.03522504892367906,0.04892367906066536,0.06653620352250489,0.1487279843444227,0.029354207436399216,0.1095890410958904,0.003913894324853229,0.03718199608610567,0.005870841487279843,0.16046966731898238
132,940,0.09787234042553192,0.00851063829787234,0.06170212765957447,0.010638297872340425,0.0627659574468085,0.013829787234042552,0.014893617021276596,0.09148936170212765,0.26170212765957446,0.06914893617021277,0.04148936170212766,0.04148936170212766,0.005319148936170213,0.21914893617021278
133,823,0.06439854191980558,0.0036452004860267314,0.353584447144593,0.018226002430133656,0.06318347509113001,0.006075334143377886,0.08262454434993925,0.11786148238153099,0.03645200486026731,0.07897934386391252,0.007290400972053463,0.015795868772782502,0.006075334143377886,0.14580801944106925
134,45,0.17777777777777778,0.022222222222222223,0.28888888888888886,0.022222222222222223,0.06666666666666667,0.0,0.2,0.13333333333333333,0.022222222222222223,0.022222222222222223,0.0,0.0,0.0,0.044444444444444446
135,335,0.07462686567164178,0.04477611940298507,0.11641791044776119,0.029850746268656716,0.029850746268656716,0.0029850746268656717,0.08656716417910448,0.1582089552238806,0.011940298507462687,0.11044776119402985,0.008955223880597015,0.14029850746268657,0.014925373134328358,0.1701492537313433
136,639,0.02034428794992175,0.014084507042253521,0.29107981220657275,0.01564945226917058,0.03286384976525822,0.03442879499217527,0.081377151799687,0.09702660406885759,0.023474178403755867,0.19874804381846636,0.003129890453834116,0.03912363067292645,0.0,0.1486697965571205
137,1286,0.01866251944012442,0.00933125972006221,0.11741835147744946,0.052099533437014,0.02332814930015552,0.00933125972006221,0.027993779160186624,0.14541213063763608,0.04043545878693624,0.29082426127527217,0.006998444790046656,0.04510108864696734,0.004665629860031105,0.208398133748056
138,544,0.022058823529411766,0.003676470588235294,0.36213235294117646,0.012867647058823529,0.027573529411764705,0.007352941176470588,0.13786764705882354,0.10845588235294118,0.025735294117647058,0.17463235294117646,0.0055147058823529415,0.016544117647058824,0.009191176470588236,0.08639705882352941
139,654,0.03363914373088685,0.00764525993883792,0.32262996941896027,0.021406727828746176,0.053516819571865444,0.012232415902140673,0.027522935779816515,0.07951070336391437,0.03669724770642202,0.24311926605504589,0.0015290519877675841,0.024464831804281346,0.013761467889908258,0.12232415902140673
140,494,0.02631578947368421,0.004048582995951417,0.36639676113360325,0.02631578947368421,0.0465587044534413,0.0020242914979757085,0.058704453441295545,0.10526315789473684,0.020242914979757085,0.10121457489878542,0.0,0.030364372469635626,0.0020242914979757085,0.21052631578947367
141,166,0.04216867469879518,0.006024096385542169,0.04216867469879518,0.1144578313253012,0.04216867469879518,0.012048192771084338,0.012048192771084338,0.21686746987951808,0.1566265060240964,0.20481927710843373,0.060240963855421686,0.012048192771084338,0.012048192771084338,0.06626506024096386
142,65,0.015384615384615385,0.0,0.6307692307692307,0.015384615384615385,0.06153846153846154,0.0,0.07692307692307693,0.03076923076923077,0.0,0.1076923076923077,0.0,0.0,0.0,0.06153846153846154
143,1037,0.010607521697203472,0.003857280617164899,0.20154291224686596,0.04628736740597879,0.023143683702989394,0.006750241080038573,0.027965284474445518,0.16393442622950818,0.03857280617164899,0.21793635486981677,0.007714561234329798,0.040501446480231434,0.0009643201542912247,0.210221793635487
144,647,0.07109737248840804,0.012364760432766615,0.1437403400309119,0.04791344667697063,0.03554868624420402,0.0061823802163833074,0.05255023183925812,0.16383307573415765,0.07418856259659969,0.14992272024729522,0.015455950540958269,0.02936630602782071,0.00927357032457496,0.18856259659969088
145,488,0.040983606557377046,0.006147540983606557,0.20901639344262296,0.03278688524590164,0.04918032786885246,0.004098360655737705,0.040983606557377046,0.16188524590163936,0.028688524590163935,0.1413934426229508,0.004098360655737705,0.030737704918032786,0.0,0.25
146,248,0.024193548387096774,0.03225806451612903,0.2782258064516129,0.024193548387096774,0.024193548387096774,0.0,0.06854838709677419,0.0967741935483871,0.016129032258064516,0.2540322580645161,0.016129032258064516,0.024193548387096774,0.0,0.14112903225806453
147,992,0.028225806451612902,0.016129032258064516,0.14919354838709678,0.03125,0.014112903225806451,0.0010080645161290322,0.0655241935483871,0.13004032258064516,0.037298387096774195,0.3215725806451613,0.005040322580645161,0.020161290322580645,0.008064516129032258,0.17237903225806453
148,751,0.043941411451398134,0.015978695073235686,0.19307589880159787,0.03595206391478029,0.02929427430093209,0.007989347536617843,0.05725699067909454,0.12117177097203728,0.07723035952063914,0.22902796271637815,0.011984021304926764,0.0013315579227696406,0.005326231691078562,0.170439414114514
149,2855,0.044133099824868655,0.018213660245183887,0.0542907180385289,0.05394045534150613,0.015061295971978984,0.005604203152364273,0.019614711033274956,0.1159369527145359,0.04308231173380035,0.38143607705779337,0.009106830122591943,0.01436077057793345,0.006304728546409807,0.21891418563922943
150,57,0.017543859649122806,0.07017543859649122,0.22807017543859648,0.017543859649122806,0.0,0.05263157894736842,0.03508771929824561,0.08771929824561403,0.21052631578947367,0.08771929824561403,0.03508771929824561,0.017543859649122806,0.0,0.14035087719298245
151,680,0.060294117647058824,0.0058823529411764705,0.1514705882352941,0.029411764705882353,0.03823529411764706,0.016176470588235296,0.06470588235294118,0.13823529411764707,0.057352941176470586,0.29558823529411765,0.004411764705882353,0.0014705882352941176,0.020588235294117647,0.1161764705882353
152,217,0.018433179723502304,0.004608294930875576,0.09216589861751152,0.004608294930875576,0.15207373271889402,0.009216589861751152,0.08755760368663594,0.09216589861751152,0.11059907834101383,0.07834101382488479,0.03225806451612903,0.08294930875576037,0.0,0.2350230414746544
153,17,0.0,0.058823529411764705,0.29411764705882354,0.058823529411764705,0.0,0.11764705882352941,0.0,0.11764705882352941,0.0,0.058823529411764705,0.058823529411764705,0.11764705882352941,0.0,0.11764705882352941
154,25,0.0,0.12,0.28,0.0,0.08,0.08,0.0,0.08,0.04,0.04,0.08,0.04,0.0,0.16
155,159,0.03773584905660377,0.025157232704402517,0.18238993710691823,0.050314465408805034,0.025157232704402517,0.018867924528301886,0.050314465408805034,0.10062893081761007,0.11949685534591195,0.25157232704402516,0.006289308176100629,0.006289308176100629,0.012578616352201259,0.11320754716981132
156,23,0.0,0.13043478260869565,0.391304347826087,0.0,0.0,0.17391304347826086,0.0,0.0,0.0,0.043478260869565216,0.043478260869565216,0.043478260869565216,0.0,0.17391304347826086
157,49,0.02040816326530612,0.16326530612244897,0.2857142857142857,0.02040816326530612,0.061224489795918366,0.04081632653061224,0.0,0.02040816326530612,0.04081632653061224,0.16326530612244897,0.08163265306122448,0.04081632653061224,0.0,0.061224489795918366
158,329,0.0,0.0121580547112462,0.5227963525835866,0.00911854103343465,0.060790273556231005,0.0182370820668693,0.0182370820668693,0.0790273556231003,0.057750759878419454,0.09422492401215805,0.00303951367781155,0.0060790273556231,0.00303951367781155,0.11550151975683891
159,70,0.08571428571428572,0.02857142857142857,0.3142857142857143,0.014285714285714285,0.08571428571428572,0.014285714285714285,0.014285714285714285,0.17142857142857143,0.04285714285714286,0.15714285714285714,0.014285714285714285,0.0,0.014285714285714285,0.04285714285714286
160,25,0.0,0.0,0.32,0.0,0.12,0.08,0.0,0.04,0.16,0.08,0.08,0.0,0.0,0.12
161,135,0.022222222222222223,0.014814814814814815,0.0962962962962963,0.007407407407407408,0.08888888888888889,0.0,0.02962962962962963,0.1259259259259259,0.17037037037037037,0.11851851851851852,0.037037037037037035,0.07407407407407407,0.0,0.21481481481481482
162,483,0.014492753623188406,0.014492753623188406,0.15734989648033126,0.055900621118012424,0.035196687370600416,0.004140786749482402,0.035196687370600416,0.12422360248447205,0.10766045548654245,0.18840579710144928,0.028985507246376812,0.018633540372670808,0.006211180124223602,0.20910973084886128
163,93,0.1827956989247312,0.0,0.11827956989247312,0.03225806451612903,0.08602150537634409,0.15053763440860216,0.021505376344086023,0.10752688172043011,0.07526881720430108,0.10752688172043011,0.03225806451612903,0.03225806451612903,0.0,0.053763440860215055
164,98,0.09183673469387756,0.0,0.1836734693877551,0.030612244897959183,0.07142857142857142,0.02040816326530612,0.08163265306122448,0.11224489795918367,0.12244897959183673,0.19387755102040816,0.01020408163265306,0.01020408163265306,0.02040816326530612,0.05102040816326531
165,22,0.045454545454545456,0.18181818181818182,0.36363636363636365,0.0,0.045454545454545456,0.13636363636363635,0.0,0.0,0.045454545454545456,0.13636363636363635,0.045454545454545456,0.0,0.0,0.0
166,543,0.014732965009208104,0.02394106813996317,0.06261510128913444,0.05156537753222836,0.03314917127071823,0.003683241252302026,0.014732965009208104,0.20441988950276244,0.07918968692449356,0.285451197053407,0.0055248618784530384,0.0,0.0055248618784530384,0.2154696132596685
167,514,0.01556420233463035,0.005836575875486381,0.16536964980544747,0.029182879377431907,0.013618677042801557,0.0019455252918287938,0.05252918287937743,0.1517509727626459,0.0311284046692607,0.2821011673151751,0.009727626459143969,0.023346303501945526,0.009727626459143969,0.20817120622568094
168,102,0.0,0.06862745098039216,0.2549019607843137,0.00980392156862745,0.058823529411764705,0.00980392156862745,0.09803921568627451,0.049019607843137254,0.10784313725490197,0.11764705882352941,0.0196078431372549,0.06862745098039216,0.0,0.13725490196078433
169,51,0.058823529411764705,0.11764705882352941,0.27450980392156865,0.0196078431372549,0.0196078431372549,0.0392156862745098,0.058823529411764705,0.0196078431372549,0.11764705882352941,0.0392156862745098,0.058823529411764705,0.0196078431372549,0.0,0.1568627450980392
170,523,0.0038240917782026767,0.009560229445506692,0.06692160611854685,0.0497131931166348,0.0019120458891013384,0.0057361376673040155,0.07074569789674952,0.13001912045889102,0.05927342256214149,0.3862332695984704,0.0038240917782026767,0.019120458891013385,0.0038240917782026767,0.18929254302103252
171,33,0.0,0.06060606060606061,0.2727272727272727,0.030303030303030304,0.030303030303030304,0.0,0.0,0.030303030303030304,0.09090909090909091,0.2727272727272727,0.06060606060606061,0.0,0.0,0.15151515151515152
172,41,0.0,0.07317073170731707,0.4146341463414634,0.07317073170731707,0.0,0.0,0.04878048780487805,0.04878048780487805,0.024390243902439025,0.12195121951219512,0.0975609756097561,0.0,0.0,0.0975609756097561
173,46,0.021739130434782608,0.08695652173913043,0.45652173913043476,0.043478260869565216,0.0,0.021739130434782608,0.0,0.021739130434782608,0.08695652173913043,0.06521739130434782,0.10869565217391304,0.043478260869565216,0.0,0.043478260869565216
174,118,0.01694915254237288,0.01694915254237288,0.3728813559322034,0.025423728813559324,0.025423728813559324,0.01694915254237288,0.05084745762711865,0.1016949152542373,0.1016949152542373,0.1016949152542373,0.025423728813559324,0.025423728813559324,0.00847457627118644,0.11016949152542373
175,34,0.0,0.029411764705882353,0.38235294117647056,0.11764705882352941,0.14705882352941177,0.058823529411764705,0.0,0.058823529411764705,0.058823529411764705,0.058823529411764705,0.058823529411764705,0.0,0.029411764705882353,0.0
176,1e-6,1e-6,1e-6,1e-6,1e-6,1e-6,1e-6,1e-6,1e-6,1e-6,1e-6,1e-6,1e-6,1e-6,1e-6
177,63,0.0,0.015873015873015872,0.09523809523809523,0.015873015873015872,0.015873015873015872,0.031746031746031744,0.0,0.1111111111111111,0.07936507936507936,0.2698412698412698,0.06349206349206349,0.15873015873015872,0.031746031746031744,0.1111111111111111
178,1879,0.024481106971793506,0.007450771687067589,0.26290580095795635,0.019159127195316657,0.021820117083555083,0.0031931878658861094,0.07610431080361894,0.12080894092602448,0.020223523150612027,0.3533794571580628,0.006918573709419904,0.005854177754124534,0.007982969664715274,0.06971793507184673
179,173,0.028901734104046242,0.028901734104046242,0.42196531791907516,0.03468208092485549,0.04046242774566474,0.028901734104046242,0.023121387283236993,0.09826589595375723,0.03468208092485549,0.1329479768786127,0.017341040462427744,0.005780346820809248,0.0,0.10404624277456648
180,477,0.008385744234800839,0.006289308176100629,0.36058700209643607,0.03563941299790356,0.025157232704402517,0.012578616352201259,0.06289308176100629,0.1111111111111111,0.025157232704402517,0.16352201257861634,0.008385744234800839,0.010482180293501049,0.0041928721174004195,0.16561844863731656
181,806,0.27915632754342434,0.0024813895781637717,0.19851116625310175,0.008684863523573201,0.03722084367245657,0.004962779156327543,0.04094292803970223,0.06699751861042183,0.019851116625310174,0.06947890818858561,0.0012406947890818859,0.16997518610421836,0.00620347394540943,0.09429280397022333
182,1582,0.04298356510745891,0.020859671302149177,0.09481668773704172,0.039190897597977246,0.02338811630847029,0.014538558786346398,0.0316055625790139,0.12579013906447534,0.02465233881163085,0.2572692793931732,0.008217446270543615,0.07458912768647281,0.007585335018963337,0.2345132743362832
183,1865,0.035924932975871314,0.011796246648793566,0.16085790884718498,0.03967828418230563,0.03163538873994638,0.015549597855227882,0.0353887399463807,0.17265415549597854,0.06058981233243968,0.22359249329758712,0.016621983914209115,0.023056300268096516,0.009115281501340482,0.16353887399463807
184,1154,0.04419410745233969,0.006932409012131715,0.11178509532062392,0.030329289428076257,0.012998266897746967,0.036395147313691506,0.01386481802426343,0.13951473136915077,0.058925476603119586,0.29809358752166376,0.00779896013864818,0.014731369150779897,0.006932409012131715,0.21750433275563258
185,327,0.024464831804281346,0.0030581039755351682,0.4740061162079511,0.06422018348623854,0.021406727828746176,0.0,0.024464831804281346,0.06422018348623854,0.045871559633027525,0.21100917431192662,0.009174311926605505,0.0061162079510703364,0.009174311926605505,0.04281345565749235
186,116,0.10344827586206896,0.02586206896551724,0.4396551724137931,0.0,0.034482758620689655,0.034482758620689655,0.008620689655172414,0.0603448275862069,0.034482758620689655,0.16379310344827586,0.008620689655172414,0.02586206896551724,0.0,0.0603448275862069
187,353,0.1643059490084986,0.0113314447592068,0.3031161473087819,0.0339943342776204,0.0339943342776204,0.053824362606232294,0.014164305949008499,0.042492917847025496,0.141643059490085,0.019830028328611898,0.028328611898016998,0.04815864022662889,0.0056657223796034,0.09915014164305949
188,793,0.058007566204287514,0.008827238335435058,0.28247162673392184,0.031525851197982346,0.0403530895334174,0.011349306431273645,0.05296343001261034,0.18663303909205547,0.013871374527112233,0.15636822194199243,0.0025220680958385876,0.015132408575031526,0.007566204287515763,0.13240857503152584
189,813,0.1045510455104551,0.007380073800738007,0.11931119311193111,0.03936039360393604,0.04428044280442804,0.004920049200492005,0.04920049200492005,0.12300123001230012,0.04920049200492005,0.32595325953259535,0.00984009840098401,0.017220172201722016,0.006150061500615006,0.0996309963099631
190,1709,0.08835576360444705,0.02633118782913985,0.07080163838502047,0.04388531304856641,0.04505558806319485,0.005851375073142188,0.022235225277940317,0.14394382679929785,0.06670567583382095,0.248683440608543,0.022820362785254535,0.013458162668227034,0.00994733762434172,0.19192510239906377
191,975,0.09846153846153846,0.017435897435897435,0.16,0.029743589743589743,0.07384615384615385,0.050256410256410255,0.028717948717948718,0.12512820512820513,0.06461538461538462,0.13743589743589743,0.018461538461538463,0.02666666666666667,0.006153846153846154,0.16307692307692306
192,3871,0.03849134590545079,0.01136657194523379,0.04494962541978817,0.08731593903384138,0.03125807284939292,0.020924825626453113,0.004391630069749419,0.10643244639628004,0.02867476104365797,0.38620511495737536,0.006974941875484371,0.0433996383363472,0.006199948333763886,0.1834151382071816
193,2120,0.03537735849056604,0.008962264150943396,0.08113207547169811,0.027358490566037737,0.024528301886792454,0.0033018867924528303,0.015566037735849057,0.10330188679245284,0.028773584905660378,0.5155660377358491,0.0037735849056603774,0.0033018867924528303,0.0047169811320754715,0.14433962264150943
194,1785,0.0907563025210084,0.01904761904761905,0.09971988795518208,0.04593837535014006,0.07787114845938375,0.011204481792717087,0.0056022408963585435,0.13893557422969188,0.07226890756302522,0.23641456582633052,0.01680672268907563,0.021288515406162466,0.008963585434173669,0.15518207282913166
195,4661,0.037545591074876636,0.007509118214975327,0.0592147607809483,0.026603733104484016,0.03604376743188157,0.009869126796824716,0.0025745548165629693,0.08882214117142244,0.020167346063076592,0.5621111349495816,0.004505470928985196,0.029178287921046986,0.010512765500965459,0.10534220124436816
196,317,0.015772870662460567,0.03470031545741325,0.14195583596214512,0.015772870662460567,0.06624605678233439,0.006309148264984227,0.012618296529968454,0.10410094637223975,0.06309148264984227,0.11987381703470032,0.028391167192429023,0.06309148264984227,0.0,0.3280757097791798
197,423,0.04018912529550828,0.0070921985815602835,0.2576832151300236,0.04491725768321513,0.016548463356973995,0.02127659574468085,0.026004728132387706,0.14420803782505912,0.01182033096926714,0.17494089834515367,0.0070921985815602835,0.02364066193853428,0.0,0.22458628841607564
198,66,0.045454545454545456,0.16666666666666666,0.18181818181818182,0.030303030303030304,0.045454545454545456,0.21212121212121213,0.0,0.015151515151515152,0.07575757575757576,0.07575757575757576,0.045454545454545456,0.015151515151515152,0.015151515151515152,0.07575757575757576
199,71,0.0,0.04225352112676056,0.1267605633802817,0.014084507042253521,0.056338028169014086,0.028169014084507043,0.07042253521126761,0.08450704225352113,0.07042253521126761,0.056338028169014086,0.15492957746478872,0.028169014084507043,0.0,0.2676056338028169
200,1306,0.033690658499234305,0.006125574272588055,0.1447166921898928,0.03598774885145482,0.019908116385911178,0.007656967840735069,0.020673813169984685,0.22052067381316998,0.055130168453292494,0.23813169984686064,0.01225114854517611,0.01454823889739663,0.002297090352220521,0.1883614088820827
201,2231,0.019722097714029583,0.012550425818018825,0.20484087852980726,0.029134917077543704,0.045271178843567905,0.0031376064545047063,0.03451367099955177,0.17346481398476019,0.029134917077543704,0.2124607799193187,0.008964589870013447,0.030927835051546393,0.002689376961004034,0.1931869116987898
202,1684,0.032066508313539195,0.00831353919239905,0.2690023752969121,0.02315914489311164,0.03503562945368171,0.00831353919239905,0.08669833729216152,0.13004750593824227,0.021377672209026127,0.24228028503562946,0.004156769596199525,0.00831353919239905,0.004156769596199525,0.12707838479809977
203,1124,0.050711743772241996,0.010676156583629894,0.09786476868327403,0.02402135231316726,0.026690391459074734,0.013345195729537367,0.06672597864768683,0.13612099644128114,0.050711743772241996,0.2179715302491103,0.004448398576512456,0.045373665480427046,0.0017793594306049821,0.25355871886120995
204,672,0.0744047619047619,0.00744047619047619,0.1636904761904762,0.028273809523809524,0.05654761904761905,0.01636904761904762,0.05357142857142857,0.16964285714285715,0.05654761904761905,0.1636904761904762,0.00744047619047619,0.044642857142857144,0.001488095238095238,0.15625
205,1337,0.04038893044128646,0.011219147344801795,0.2056843679880329,0.02393418100224383,0.02169035153328347,0.02318623784592371,0.03590127150336574,0.13836948391922213,0.014958863126402393,0.32161555721765145,0.002243829468960359,0.02468212415856395,0.0029917726252804786,0.13313388182498131
206,2640,0.05757575757575758,0.01628787878787879,0.06477272727272727,0.041666666666666664,0.05,0.014393939393939395,0.003787878787878788,0.1431818181818182,0.06287878787878788,0.3178030303030303,0.013257575757575758,0.035227272727272725,0.010984848484848484,0.16818181818181818
207,811,0.09247842170160296,0.008631319358816275,0.16152897657213316,0.07644882860665844,0.03822441430332922,0.01726263871763255,0.011097410604192354,0.10357583230579531,0.03945745992601726,0.2564734895191122,0.014796547472256474,0.018495684340320593,0.011097410604192354,0.1504315659679408
208,66,0.0,0.07575757575757576,0.5303030303030303,0.06060606060606061,0.0,0.06060606060606061,0.015151515151515152,0.030303030303030304,0.06060606060606061,0.06060606060606061,0.015151515151515152,0.0,0.0,0.09090909090909091
209,210,0.004761904761904762,0.01904761904761905,0.2571428571428571,0.014285714285714285,0.023809523809523808,0.02857142857142857,0.004761904761904762,0.05714285714285714,0.08571428571428572,0.0761904761904762,0.023809523809523808,0.01904761904761905,0.004761904761904762,0.38095238095238093
210,711,0.015471167369901548,0.015471167369901548,0.21237693389592124,0.053445850914205346,0.02109704641350211,0.0014064697609001407,0.05907172995780591,0.14064697609001406,0.03375527426160337,0.25035161744022505,0.004219409282700422,0.015471167369901548,0.0028129395218002813,0.17440225035161744
211,139,0.08633093525179857,0.03597122302158273,0.2014388489208633,0.02158273381294964,0.050359712230215826,0.1510791366906475,0.02158273381294964,0.09352517985611511,0.050359712230215826,0.07194244604316546,0.06474820143884892,0.050359712230215826,0.0,0.10071942446043165
212,264,0.003787878787878788,0.01893939393939394,0.3446969696969697,0.007575757575757576,0.030303030303030304,0.007575757575757576,0.05303030303030303,0.09090909090909091,0.03787878787878788,0.23863636363636365,0.01893939393939394,0.03409090909090909,0.007575757575757576,0.10606060606060606
213,120,0.13333333333333333,0.1,0.016666666666666666,0.0,0.125,0.10833333333333334,0.025,0.03333333333333333,0.06666666666666667,0.05,0.075,0.14166666666666666,0.0,0.125
214,775,0.03225806451612903,0.0064516129032258064,0.23870967741935484,0.03483870967741935,0.01935483870967742,0.005161290322580645,0.05548387096774193,0.08645161290322581,0.015483870967741935,0.36516129032258066,0.005161290322580645,0.024516129032258065,0.0025806451612903226,0.10838709677419354
215,424,0.01650943396226415,0.0023584905660377358,0.3089622641509434,0.04245283018867924,0.030660377358490566,0.025943396226415096,0.05660377358490566,0.12264150943396226,0.02358490566037736,0.1580188679245283,0.0047169811320754715,0.025943396226415096,0.0,0.18160377358490565
216,270,0.0,0.007407407407407408,0.28888888888888886,0.0,0.040740740740740744,0.014814814814814815,0.11851851851851852,0.02962962962962963,0.044444444444444446,0.4,0.014814814814814815,0.0,0.003703703703703704,0.037037037037037035
217,371,0.03504043126684636,0.013477088948787063,0.08086253369272237,0.026954177897574125,0.05390835579514825,0.01078167115902965,0.026954177897574125,0.11590296495956873,0.12129380053908356,0.10512129380053908,0.013477088948787063,0.02425876010781671,0.0026954177897574125,0.3692722371967655
218,534,0.0149812734082397,0.003745318352059925,0.4232209737827715,0.009363295880149813,0.011235955056179775,0.011235955056179775,0.1254681647940075,0.11797752808988764,0.024344569288389514,0.13670411985018727,0.003745318352059925,0.00749063670411985,0.0018726591760299626,0.10861423220973783
219,756,0.05952380952380952,0.003968253968253968,0.3968253968253968,0.010582010582010581,0.037037037037037035,0.0291005291005291,0.041005291005291,0.11375661375661375,0.01984126984126984,0.15476190476190477,0.007936507936507936,0.013227513227513227,0.0026455026455026454,0.10978835978835978
220,1496,0.022058823529411766,0.022727272727272728,0.3609625668449198,0.01871657754010695,0.03074866310160428,0.0106951871657754,0.053475935828877004,0.11096256684491979,0.02807486631016043,0.22393048128342247,0.014037433155080214,0.0053475935828877,0.00267379679144385,0.09558823529411764
221,62,0.03225806451612903,0.016129032258064516,0.27419354838709675,0.016129032258064516,0.0967741935483871,0.12903225806451613,0.03225806451612903,0.08064516129032258,0.08064516129032258,0.14516129032258066,0.0,0.016129032258064516,0.016129032258064516,0.06451612903225806
222,120,0.058333333333333334,0.008333333333333333,0.275,0.0,0.08333333333333333,0.041666666666666664,0.058333333333333334,0.14166666666666666,0.06666666666666667,0.09166666666666666,0.016666666666666666,0.016666666666666666,0.016666666666666666,0.125
223,707,0.04809052333804809,0.005657708628005658,0.11315417256011315,0.04667609618104668,0.03253182461103253,0.007072135785007072,0.016973125884016973,0.16124469589816123,0.14992927864214992,0.18246110325318246,0.033946251768033946,0.011315417256011316,0.005657708628005658,0.18528995756718528
224,172,0.01744186046511628,0.10465116279069768,0.25,0.046511627906976744,0.005813953488372093,0.023255813953488372,0.01744186046511628,0.06976744186046512,0.046511627906976744,0.1569767441860465,0.040697674418604654,0.005813953488372093,0.011627906976744186,0.20348837209302326
225,1447,0.02902557014512785,0.0082930200414651,0.2833448514167243,0.03178991015894955,0.0221147201105736,0.009675190048375951,0.036627505183137524,0.10850034554250172,0.027643400138217002,0.25017277125086385,0.0082930200414651,0.018659295093296474,0.0055286800276434,0.1603317208016586
226,281,0.03914590747330961,0.021352313167259787,0.4555160142348754,0.017793594306049824,0.0071174377224199285,0.0035587188612099642,0.05338078291814947,0.09608540925266904,0.03558718861209965,0.11743772241992882,0.014234875444839857,0.010676156583629894,0.0071174377224199285,0.12099644128113879
227,260,0.0038461538461538464,0.015384615384615385,0.3,0.03461538461538462,0.015384615384615385,0.0,0.05384615384615385,0.1423076923076923,0.046153846153846156,0.20384615384615384,0.015384615384615385,0.0,0.0038461538461538464,0.16538461538461538
228,220,0.05909090909090909,0.022727272727272728,0.14545454545454545,0.00909090909090909,0.08181818181818182,0.022727272727272728,0.013636363636363636,0.12727272727272726,0.12272727272727273,0.18181818181818182,0.04090909090909091,0.0,0.00909090909090909,0.16363636363636364
229,235,0.05531914893617021,0.01276595744680851,0.06808510638297872,0.0425531914893617,0.00851063829787234,0.00851063829787234,0.0,0.12340425531914893,0.059574468085106386,0.39148936170212767,0.0,0.00425531914893617,0.01702127659574468,0.20851063829787234
230,51,0.0,0.0,0.3333333333333333,0.0784313725490196,0.0196078431372549,0.0196078431372549,0.0,0.0392156862745098,0.058823529411764705,0.2549019607843137,0.0,0.0,0.0,0.19607843137254902
231,103,0.0970873786407767,0.05825242718446602,0.14563106796116504,0.009708737864077669,0.0,0.36893203883495146,0.02912621359223301,0.06796116504854369,0.02912621359223301,0.019417475728155338,0.06796116504854369,0.009708737864077669,0.0,0.0970873786407767
232,65,0.15384615384615385,0.0,0.07692307692307693,0.0,0.015384615384615385,0.18461538461538463,0.0,0.03076923076923077,0.06153846153846154,0.24615384615384617,0.015384615384615385,0.046153846153846156,0.0,0.16923076923076924
233,100,0.23,0.0,0.32,0.0,0.06,0.0,0.15,0.19,0.01,0.01,0.0,0.0,0.03,0.0
234,467,0.032119914346895075,0.01284796573875803,0.0728051391862955,0.034261241970021415,0.014989293361884369,0.008565310492505354,0.029978586723768737,0.17558886509635974,0.03640256959314775,0.30406852248394006,0.008565310492505354,0.032119914346895075,0.017130620985010708,0.22055674518201285
235,34,0.029411764705882353,0.0,0.4117647058823529,0.0,0.2647058823529412,0.0,0.0,0.11764705882352941,0.0,0.08823529411764706,0.029411764705882353,0.0,0.0,0.058823529411764705
236,1127,0.0417036379769299,0.032830523513753325,0.12688553682342502,0.023957409050576754,0.027506654835847383,0.00354924578527063,0.031055900621118012,0.16326530612244897,0.04525288376220053,0.2741792369121562,0.018633540372670808,0.032830523513753325,0.005323868677905945,0.1730257320319432
237,572,0.04895104895104895,0.015734265734265736,0.10314685314685315,0.057692307692307696,0.043706293706293704,0.01048951048951049,0.02097902097902098,0.21678321678321677,0.11013986013986014,0.19230769230769232,0.012237762237762238,0.0017482517482517483,0.006993006993006993,0.1590909090909091
238,173,0.08670520231213873,0.011560693641618497,0.4797687861271676,0.0,0.11560693641618497,0.017341040462427744,0.03468208092485549,0.10982658959537572,0.03468208092485549,0.057803468208092484,0.0,0.005780346820809248,0.005780346820809248,0.04046242774566474
239,320,0.090625,0.003125,0.428125,0.03125,0.05625,0.009375,0.01875,0.128125,0.04375,0.0625,0.0,0.025,0.0,0.103125
240,138,0.08695652173913043,0.036231884057971016,0.30434782608695654,0.021739130434782608,0.028985507246376812,0.014492753623188406,0.06521739130434782,0.21014492753623187,0.021739130434782608,0.12318840579710146,0.0,0.007246376811594203,0.0,0.07971014492753623
241,515,0.0854368932038835,0.009708737864077669,0.34368932038834954,0.02330097087378641,0.03300970873786408,0.001941747572815534,0.03300970873786408,0.16116504854368932,0.017475728155339806,0.05631067961165048,0.001941747572815534,0.02912621359223301,0.011650485436893204,0.19223300970873786
242,169,0.11242603550295859,0.005917159763313609,0.25443786982248523,0.029585798816568046,0.08284023668639054,0.11834319526627218,0.04142011834319527,0.10059171597633136,0.005917159763313609,0.1301775147928994,0.011834319526627219,0.005917159763313609,0.005917159763313609,0.09467455621301775
243,732,0.03551912568306011,0.01366120218579235,0.32786885245901637,0.012295081967213115,0.020491803278688523,0.00546448087431694,0.07650273224043716,0.12704918032786885,0.04781420765027322,0.15163934426229508,0.02185792349726776,0.020491803278688523,0.006830601092896175,0.1325136612021858
244,913,0.04271631982475356,0.014238773274917854,0.2946330777656079,0.02190580503833516,0.047097480832420595,0.017524644030668127,0.06681270536692223,0.12814895947426067,0.06352683461117196,0.10733844468784227,0.018619934282584884,0.03066812705366922,0.01095290251916758,0.13581599123767799
245,1293,0.06109822119102862,0.01237432327919567,0.07888631090487239,0.010054137664346482,0.04563031709203403,0.013147718484145398,0.0030935808197989174,0.07811291569992267,0.13534416086620263,0.13843774168600154,0.02242846094354215,0.14926527455529776,0.002320185614849188,0.24980665119876258
246,420,0.06904761904761905,0.0,0.2904761904761905,0.02619047619047619,0.04047619047619048,0.02619047619047619,0.14761904761904762,0.14285714285714285,0.03333333333333333,0.10714285714285714,0.002380952380952381,0.007142857142857143,0.002380952380952381,0.10476190476190476
247,921,0.05428881650380022,0.010857763300760043,0.24429967426710097,0.01520086862106406,0.038002171552660155,0.01520086862106406,0.08577633007600434,0.08360477741585233,0.04560260586319218,0.2985884907709012,0.00760043431053203,0.0054288816503800215,0.006514657980456026,0.08903365906623235
248,1152,0.04861111111111111,0.005208333333333333,0.2630208333333333,0.011284722222222222,0.036458333333333336,0.003472222222222222,0.07291666666666667,0.078125,0.014756944444444444,0.3515625,0.005208333333333333,0.012152777777777778,0.005208333333333333,0.0920138888888889
249,682,0.03519061583577713,0.01466275659824047,0.2316715542521994,0.030791788856304986,0.04105571847507331,0.039589442815249266,0.06598240469208211,0.13343108504398826,0.03372434017595308,0.1906158357771261,0.007331378299120235,0.017595307917888565,0.004398826979472141,0.15395894428152493
250,82,0.04878048780487805,0.024390243902439025,0.4024390243902439,0.012195121951219513,0.036585365853658534,0.024390243902439025,0.024390243902439025,0.10975609756097561,0.08536585365853659,0.07317073170731707,0.024390243902439025,0.0,0.0,0.13414634146341464
251,377,0.013262599469496022,0.013262599469496022,0.23872679045092837,0.029177718832891247,0.023872679045092837,0.021220159151193633,0.0636604774535809,0.1246684350132626,0.03183023872679045,0.15384615384615385,0.010610079575596816,0.03713527851458886,0.007957559681697613,0.23076923076923078
252,552,0.043478260869565216,0.016304347826086956,0.17391304347826086,0.016304347826086956,0.034420289855072464,0.036231884057971016,0.028985507246376812,0.1322463768115942,0.09420289855072464,0.10144927536231885,0.012681159420289856,0.028985507246376812,0.007246376811594203,0.27355072463768115
253,628,0.030254777070063694,0.009554140127388535,0.12738853503184713,0.03343949044585987,0.02388535031847134,0.030254777070063694,0.025477707006369428,0.13694267515923567,0.054140127388535034,0.2929936305732484,0.007961783439490446,0.01592356687898089,0.011146496815286623,0.20063694267515925
254,482,0.04564315352697095,0.026970954356846474,0.07261410788381743,0.04771784232365145,0.04149377593360996,0.03734439834024896,0.01867219917012448,0.11203319502074689,0.14522821576763487,0.15560165975103735,0.016597510373443983,0.0975103734439834,0.008298755186721992,0.17427385892116182
255,1053,0.05982905982905983,0.004748338081671415,0.15479582146248813,0.023741690408357077,0.052231718898385564,0.007597340930674264,0.0389363722697056,0.13485280151946819,0.045584045584045586,0.17758784425451093,0.008547008547008548,0.03798670465337132,0.005698005698005698,0.24786324786324787
256,730,0.043835616438356165,0.0136986301369863,0.1863013698630137,0.030136986301369864,0.045205479452054796,0.00821917808219178,0.043835616438356165,0.1410958904109589,0.08767123287671233,0.15342465753424658,0.028767123287671233,0.04246575342465753,0.00410958904109589,0.17123287671232876
257,543,0.08103130755064457,0.01289134438305709,0.23756906077348067,0.022099447513812154,0.05156537753222836,0.009208103130755065,0.11049723756906077,0.09944751381215469,0.034990791896869246,0.13259668508287292,0.020257826887661142,0.03130755064456722,0.003683241252302026,0.15285451197053407
258,799,0.06132665832290363,0.02127659574468085,0.1276595744680851,0.011264080100125156,0.057571964956195244,0.03379224030037547,0.030037546933667083,0.13642052565707133,0.057571964956195244,0.1539424280350438,0.02127659574468085,0.06508135168961202,0.0025031289111389237,0.2202753441802253
259,119,0.08403361344537816,0.0,0.42016806722689076,0.04201680672268908,0.05042016806722689,0.0,0.03361344537815126,0.11764705882352941,0.03361344537815126,0.09243697478991597,0.0,0.0,0.0,0.12605042016806722
260,93,0.010752688172043012,0.053763440860215055,0.3010752688172043,0.021505376344086023,0.021505376344086023,0.021505376344086023,0.06451612903225806,0.12903225806451613,0.010752688172043012,0.0967741935483871,0.021505376344086023,0.021505376344086023,0.0,0.22580645161290322
261,431,0.013921113689095127,0.009280742459396751,0.4756380510440835,0.02320185614849188,0.03944315545243619,0.03248259860788863,0.018561484918793503,0.11600928074245939,0.009280742459396751,0.10440835266821345,0.01160092807424594,0.0,0.0069605568445475635,0.13921113689095127
262,57,0.03508771929824561,0.0,0.5964912280701754,0.0,0.03508771929824561,0.0,0.0,0.2631578947368421,0.0,0.07017543859649122,0.0,0.0,0.0,0.0
263,506,0.015810276679841896,0.015810276679841896,0.24703557312252963,0.03359683794466403,0.015810276679841896,0.009881422924901186,0.039525691699604744,0.12648221343873517,0.05731225296442688,0.20948616600790515,0.005928853754940711,0.009881422924901186,0.003952569169960474,0.20948616600790515
264,1504,0.01795212765957447,0.012632978723404254,0.25398936170212766,0.0199468085106383,0.023936170212765957,0.005319148936170213,0.04055851063829787,0.10704787234042554,0.015292553191489361,0.34242021276595747,0.005319148936170213,0.02925531914893617,0.005319148936170213,0.12101063829787234
265,1487,0.02757229320780094,0.008069939475453935,0.20443846671149965,0.022864828513786146,0.02151983860121049,0.0013449899125756557,0.07800941492938802,0.1351714862138534,0.02488231338264963,0.36112979152656355,0.005379959650302623,0.023537323470073975,0.0020174848688634837,0.08406186953597848
266,245,0.06938775510204082,0.07755102040816327,0.24489795918367346,0.00816326530612245,0.02857142857142857,0.012244897959183673,0.02040816326530612,0.10204081632653061,0.036734693877551024,0.18775510204081633,0.0326530612244898,0.02040816326530612,0.0,0.15918367346938775
267,772,0.07253886010362694,0.02461139896373057,0.10880829015544041,0.04145077720207254,0.04145077720207254,0.0051813471502590676,0.14766839378238342,0.15932642487046633,0.04533678756476684,0.15932642487046633,0.029792746113989636,0.011658031088082901,0.02461139896373057,0.12823834196891193
268,1375,0.027636363636363636,0.011636363636363636,0.20363636363636364,0.04509090909090909,0.020363636363636365,0.005818181818181818,0.08581818181818182,0.15636363636363637,0.03927272727272727,0.18472727272727274,0.002181818181818182,0.027636363636363636,0.005090909090909091,0.18472727272727274
269,132,0.007575757575757576,0.022727272727272728,0.12121212121212122,0.045454545454545456,0.022727272727272728,0.007575757575757576,0.030303030303030304,0.13636363636363635,0.06060606060606061,0.14393939393939395,0.0,0.022727272727272728,0.0,0.3787878787878788
270,884,0.03733031674208145,0.01809954751131222,0.1244343891402715,0.049773755656108594,0.014705882352941176,0.0022624434389140274,0.07126696832579185,0.14705882352941177,0.042986425339366516,0.32918552036199095,0.004524886877828055,0.011312217194570135,0.004524886877828055,0.1425339366515837
271,327,0.024464831804281346,0.021406727828746176,0.06422018348623854,0.012232415902140673,0.03363914373088685,0.0030581039755351682,0.01834862385321101,0.07951070336391437,0.027522935779816515,0.39143730886850153,0.01834862385321101,0.03363914373088685,0.0,0.27217125382262997
272,710,0.015492957746478873,0.011267605633802818,0.16619718309859155,0.028169014084507043,0.01267605633802817,0.0014084507042253522,0.09577464788732394,0.18873239436619718,0.04507042253521127,0.2647887323943662,0.004225352112676056,0.005633802816901409,0.0028169014084507044,0.15774647887323945
273,118,0.06779661016949153,0.025423728813559324,0.06779661016949153,0.09322033898305085,0.17796610169491525,0.0,0.01694915254237288,0.1440677966101695,0.211864406779661,0.1271186440677966,0.025423728813559324,0.0,0.0,0.0423728813559322
274,31,0.03225806451612903,0.0967741935483871,0.3870967741935484,0.0,0.06451612903225806,0.03225806451612903,0.03225806451612903,0.03225806451612903,0.12903225806451613,0.03225806451612903,0.03225806451612903,0.0,0.0,0.12903225806451613
275,263,0.045627376425855515,0.0,0.6311787072243346,0.0076045627376425855,0.053231939163498096,0.015209125475285171,0.0038022813688212928,0.10646387832699619,0.034220532319391636,0.053231939163498096,0.011406844106463879,0.0,0.0,0.03802281368821293
276,369,0.06233062330623306,0.005420054200542005,0.4932249322493225,0.02710027100271003,0.04336043360433604,0.0027100271002710027,0.04607046070460705,0.13550135501355012,0.018970189701897018,0.06775067750677506,0.0,0.01084010840108401,0.0027100271002710027,0.08401084010840108
277,446,0.04708520179372197,0.01569506726457399,0.08968609865470852,0.04484304932735426,0.04708520179372197,0.002242152466367713,0.03811659192825112,0.18834080717488788,0.07623318385650224,0.23542600896860988,0.02242152466367713,0.006726457399103139,0.006726457399103139,0.17937219730941703
278,107,0.04672897196261682,0.018691588785046728,0.037383177570093455,0.037383177570093455,0.1308411214953271,0.0,0.009345794392523364,0.19626168224299065,0.1588785046728972,0.19626168224299065,0.018691588785046728,0.009345794392523364,0.037383177570093455,0.102803738317757
279,241,0.05394190871369295,0.008298755186721992,0.5809128630705395,0.016597510373443983,0.05394190871369295,0.004149377593360996,0.029045643153526972,0.06224066390041494,0.058091286307053944,0.04979253112033195,0.0,0.004149377593360996,0.008298755186721992,0.07053941908713693
280,39,0.3076923076923077,0.0,0.07692307692307693,0.02564102564102564,0.1282051282051282,0.02564102564102564,0.05128205128205128,0.05128205128205128,0.05128205128205128,0.15384615384615385,0.0,0.0,0.0,0.1282051282051282
281,237,0.02109704641350211,0.016877637130801686,0.05485232067510549,0.04219409282700422,0.04219409282700422,0.012658227848101266,0.008438818565400843,0.20675105485232068,0.1729957805907173,0.22362869198312235,0.008438818565400843,0.008438818565400843,0.004219409282700422,0.17721518987341772
282,178,0.07303370786516854,0.0,0.10674157303370786,0.08426966292134831,0.05056179775280899,0.0,0.0056179775280898875,0.19101123595505617,0.16292134831460675,0.1797752808988764,0.0056179775280898875,0.0056179775280898875,0.0,0.1348314606741573
283,117,0.07692307692307693,0.02564102564102564,0.1452991452991453,0.07692307692307693,0.05128205128205128,0.008547008547008548,0.03418803418803419,0.1282051282051282,0.07692307692307693,0.28205128205128205,0.0,0.017094017094017096,0.0,0.07692307692307693
284,97,0.010309278350515464,0.0,0.13402061855670103,0.020618556701030927,0.05154639175257732,0.020618556701030927,0.010309278350515464,0.14432989690721648,0.09278350515463918,0.23711340206185566,0.0,0.0,0.0,0.27835051546391754
285,18,0.0,0.1111111111111111,0.0,0.0,0.05555555555555555,0.05555555555555555,0.05555555555555555,0.05555555555555555,0.05555555555555555,0.1111111111111111,0.0,0.2222222222222222,0.0,0.2777777777777778
286,18,0.0,0.0,0.16666666666666666,0.05555555555555555,0.05555555555555555,0.16666666666666666,0.0,0.0,0.1111111111111111,0.2777777777777778,0.05555555555555555,0.05555555555555555,0.0,0.05555555555555555
287,113,0.02654867256637168,0.04424778761061947,0.1415929203539823,0.017699115044247787,0.08849557522123894,0.017699115044247787,0.035398230088495575,0.11504424778761062,0.09734513274336283,0.22123893805309736,0.035398230088495575,0.04424778761061947,0.0,0.11504424778761062
288,54,0.12962962962962962,0.07407407407407407,0.25925925925925924,0.018518518518518517,0.09259259259259259,0.0,0.018518518518518517,0.09259259259259259,0.07407407407407407,0.037037037037037035,0.0,0.07407407407407407,0.0,0.12962962962962962
289,595,0.043697478991596636,0.020168067226890758,0.15630252100840336,0.021848739495798318,0.04201680672268908,0.005042016806722689,0.03697478991596639,0.17647058823529413,0.03697478991596639,0.1495798319327731,0.008403361344537815,0.05378151260504202,0.01680672268907563,0.2319327731092437
290,66,0.0,0.045454545454545456,0.3939393939393939,0.06060606060606061,0.015151515151515152,0.015151515151515152,0.045454545454545456,0.12121212121212122,0.045454545454545456,0.10606060606060606,0.015151515151515152,0.0,0.0,0.13636363636363635
291,915,0.03934426229508197,0.017486338797814208,0.12568306010928962,0.036065573770491806,0.03825136612021858,0.006557377049180328,0.004371584699453552,0.13989071038251366,0.08633879781420765,0.19453551912568307,0.018579234972677595,0.05792349726775956,0.008743169398907104,0.2262295081967213
292,44,0.0,0.09090909090909091,0.36363636363636365,0.022727272727272728,0.0,0.0,0.045454545454545456,0.06818181818181818,0.11363636363636363,0.06818181818181818,0.06818181818181818,0.09090909090909091,0.0,0.06818181818181818
293,241,0.008298755186721992,0.004149377593360996,0.4024896265560166,0.029045643153526972,0.04564315352697095,0.012448132780082987,0.016597510373443983,0.11203319502074689,0.024896265560165973,0.15352697095435686,0.004149377593360996,0.012448132780082987,0.0,0.17427385892116182
294,272,0.0,0.025735294117647058,0.3014705882352941,0.01838235294117647,0.022058823529411766,0.007352941176470588,0.09191176470588236,0.09191176470588236,0.022058823529411766,0.25735294117647056,0.003676470588235294,0.025735294117647058,0.003676470588235294,0.12867647058823528
295,224,0.004464285714285714,0.013392857142857142,0.27232142857142855,0.013392857142857142,0.013392857142857142,0.004464285714285714,0.13392857142857142,0.08482142857142858,0.049107142857142856,0.34375,0.008928571428571428,0.0,0.0,0.05803571428571429
296,213,0.014084507042253521,0.028169014084507043,0.028169014084507043,0.009389671361502348,0.056338028169014086,0.023474178403755867,0.0,0.04225352112676056,0.3004694835680751,0.03755868544600939,0.046948356807511735,0.056338028169014086,0.004694835680751174,0.352112676056338
297,140,0.007142857142857143,0.03571428571428571,0.05714285714285714,0.04285714285714286,0.02142857142857143,0.014285714285714285,0.08571428571428572,0.11428571428571428,0.08571428571428572,0.25,0.02142857142857143,0.02142857142857143,0.007142857142857143,0.2357142857142857
298,923,0.047670639219934995,0.03466955579631636,0.021668472372697724,0.021668472372697724,0.09642470205850487,0.023835319609967497,0.009750812567713976,0.03683640303358613,0.016251354279523293,0.03791982665222102,0.016251354279523293,0.5547128927410617,0.0021668472372697724,0.08017334777898158
299,70,0.05714285714285714,0.11428571428571428,0.08571428571428572,0.014285714285714285,0.02857142857142857,0.014285714285714285,0.014285714285714285,0.0,0.02857142857142857,0.07142857142857142,0.04285714285714286,0.18571428571428572,0.0,0.34285714285714286
300,100,0.1,0.08,0.08,0.01,0.03,0.06,0.01,0.07,0.06,0.1,0.09,0.13,0.0,0.18
301,6,0.0,0.3333333333333333,0.16666666666666666,0.16666666666666666,0.0,0.16666666666666666,0.0,0.0,0.0,0.0,0.0,0.16666666666666666,0.0,0.0
302,168,0.08333333333333333,0.047619047619047616,0.041666666666666664,0.011904761904761904,0.07142857142857142,0.10714285714285714,0.005952380952380952,0.011904761904761904,0.005952380952380952,0.047619047619047616,0.023809523809523808,0.3869047619047619,0.005952380952380952,0.1488095238095238
303,76,0.11842105263157894,0.09210526315789473,0.05263157894736842,0.02631578947368421,0.0,0.40789473684210525,0.0,0.039473684210526314,0.0,0.0,0.013157894736842105,0.10526315789473684,0.0,0.14473684210526316
304,67,0.0,0.14925373134328357,0.08955223880597014,0.014925373134328358,0.014925373134328358,0.0,0.014925373134328358,0.04477611940298507,0.08955223880597014,0.05970149253731343,0.04477611940298507,0.3283582089552239,0.0,0.14925373134328357
305,122,0.00819672131147541,0.04918032786885246,0.14754098360655737,0.07377049180327869,0.040983606557377046,0.03278688524590164,0.040983606557377046,0.040983606557377046,0.00819672131147541,0.22131147540983606,0.01639344262295082,0.09016393442622951,0.01639344262295082,0.21311475409836064
306,41,0.17073170731707318,0.0,0.0,0.0,0.0,0.6829268292682927,0.0,0.024390243902439025,0.04878048780487805,0.0,0.024390243902439025,0.024390243902439025,0.0,0.024390243902439025
307,469,0.07036247334754797,0.031982942430703626,0.021321961620469083,0.0042643923240938165,0.2878464818763326,0.010660980810234541,0.008528784648187633,0.023454157782515993,0.0042643923240938165,0.0511727078891258,0.0255863539445629,0.2899786780383795,0.0,0.17057569296375266
308,54,0.0,0.037037037037037035,0.5740740740740741,0.018518518518518517,0.0,0.0,0.0,0.0,0.1111111111111111,0.2037037037037037,0.0,0.018518518518518517,0.0,0.037037037037037035
309,15,0.06666666666666667,0.0,0.4,0.06666666666666667,0.06666666666666667,0.0,0.0,0.06666666666666667,0.06666666666666667,0.2,0.06666666666666667,0.0,0.0,0.0
310,289,0.04152249134948097,0.04498269896193772,0.47058823529411764,0.0034602076124567475,0.02422145328719723,0.02768166089965398,0.03460207612456748,0.04844290657439446,0.04844290657439446,0.10380622837370242,0.01384083044982699,0.0,0.0,0.1384083044982699
311,352,0.06818181818181818,0.03977272727272727,0.29829545454545453,0.022727272727272728,0.02556818181818182,0.09943181818181818,0.019886363636363636,0.12215909090909091,0.036931818181818184,0.11363636363636363,0.022727272727272728,0.002840909090909091,0.005681818181818182,0.12215909090909091
312,207,0.04830917874396135,0.00966183574879227,0.27053140096618356,0.014492753623188406,0.13043478260869565,0.014492753623188406,0.024154589371980676,0.10144927536231885,0.03864734299516908,0.09178743961352658,0.024154589371980676,0.14492753623188406,0.0,0.08695652173913043
313,501,0.06387225548902195,0.013972055888223553,0.3393213572854291,0.021956087824351298,0.05588822355289421,0.07385229540918163,0.03992015968063872,0.11177644710578842,0.02594810379241517,0.14171656686626746,0.007984031936127744,0.03992015968063872,0.001996007984031936,0.06187624750499002
314,656,0.039634146341463415,0.007621951219512195,0.4557926829268293,0.01676829268292683,0.0350609756097561,0.009146341463414634,0.056402439024390245,0.08841463414634146,0.03353658536585366,0.13567073170731708,0.007621951219512195,0.007621951219512195,0.003048780487804878,0.10365853658536585
315,932,0.05042918454935622,0.001072961373390558,0.38626609442060084,0.016094420600858368,0.04721030042918455,0.004291845493562232,0.06330472103004292,0.07188841201716738,0.02467811158798283,0.1255364806866953,0.004291845493562232,0.02467811158798283,0.015021459227467811,0.16523605150214593
316,1078,0.038033395176252316,0.015769944341372914,0.19387755102040816,0.0287569573283859,0.02504638218923933,0.01948051948051948,0.02040816326530612,0.15120593692022263,0.06493506493506493,0.22912801484230055,0.008348794063079777,0.03432282003710575,0.0027829313543599257,0.1679035250463822
317,1518,0.07312252964426877,0.011857707509881422,0.18906455862977603,0.025691699604743084,0.05731225296442688,0.009881422924901186,0.06719367588932806,0.11594202898550725,0.022397891963109356,0.21409749670619235,0.010540184453227932,0.06455862977602109,0.00461133069828722,0.13372859025032938
318,2659,0.03497555471981948,0.013162843174125612,0.10041368935690109,0.02933433621662279,0.05866867243324558,0.04362542309138774,0.016547574276043624,0.16359533659270403,0.03121474238435502,0.17826250470101543,0.007897705904475368,0.05979691613388492,0.003384731101918014,0.25911996991350134
319,2776,0.035302593659942365,0.013328530259365994,0.14769452449567724,0.0234149855907781,0.04971181556195965,0.002161383285302594,0.01909221902017291,0.13508645533141211,0.025576368876080693,0.30871757925072046,0.007564841498559078,0.057997118155619594,0.006844380403458214,0.167507204610951
320,1402,0.030670470756062766,0.005706134094151213,0.17902995720399428,0.006419400855920114,0.012838801711840228,0.0021398002853067048,0.003566333808844508,0.09985734664764621,0.012838801711840228,0.5784593437945792,0.003566333808844508,0.007132667617689016,0.0028530670470756064,0.05492154065620542
321,1724,0.037703016241299306,0.013921113689095127,0.16821345707656613,0.04176334106728538,0.0382830626450116,0.002320185614849188,0.013921113689095127,0.12993039443155452,0.031902552204176336,0.20011600928074247,0.015081206496519721,0.06496519721577726,0.013921113689095127,0.22795823665893272
322,412,0.05825242718446602,0.0024271844660194173,0.08495145631067962,0.0412621359223301,0.07524271844660194,0.007281553398058253,0.007281553398058253,0.16747572815533981,0.10194174757281553,0.2645631067961165,0.04854368932038835,0.007281553398058253,0.012135922330097087,0.12135922330097088
323,811,0.03329223181257707,0.007398273736128237,0.2885326757090012,0.027127003699136867,0.02466091245376079,0.03822441430332922,0.018495684340320593,0.18249075215782984,0.030826140567200986,0.1812577065351418,0.0036991368680641184,0.009864364981504316,0.0036991368680641184,0.1504315659679408
324,86,0.08139534883720931,0.0,0.08139534883720931,0.03488372093023256,0.09302325581395349,0.011627906976744186,0.046511627906976744,0.18604651162790697,0.19767441860465115,0.12790697674418605,0.046511627906976744,0.011627906976744186,0.0,0.08139534883720931
325,1462,0.025991792065663474,0.006155950752393981,0.10465116279069768,0.013679890560875513,0.021203830369357045,0.003419972640218878,0.015047879616963064,0.05540355677154583,0.01094391244870041,0.6395348837209303,0.004103967168262654,0.0013679890560875513,0.005471956224350205,0.09302325581395349
326,2245,0.057015590200445436,0.01648106904231626,0.061915367483296214,0.049888641425389756,0.03608017817371938,0.010690423162583519,0.012472160356347439,0.13184855233853007,0.046325167037861915,0.35812917594654786,0.008017817371937639,0.011581291759465479,0.010244988864142539,0.18930957683741648
327,1261,0.05471847739888977,0.0007930214115781126,0.19825535289452814,0.003965107057890563,0.020618556701030927,0.003965107057890563,0.06819984139571768,0.08881839809674862,0.006344171292624901,0.49325931800158607,0.004758128469468675,0.004758128469468675,0.0023790642347343376,0.04916732751784298
328,1238,0.014539579967689823,0.0016155088852988692,0.1987075928917609,0.004846526655896607,0.008885298869143781,0.004038772213247173,0.009693053311793215,0.04604200323101777,0.008885298869143781,0.6510500807754442,0.0008077544426494346,0.0008077544426494346,0.0032310177705977385,0.046849757673667204
329,656,0.056402439024390245,0.006097560975609756,0.13414634146341464,0.04573170731707317,0.03353658536585366,0.006097560975609756,0.07926829268292683,0.19969512195121952,0.0701219512195122,0.16463414634146342,0.012195121951219513,0.013719512195121951,0.010670731707317074,0.1676829268292683
330,857,0.021003500583430573,0.007001166861143524,0.21236872812135357,0.021003500583430573,0.049008168028004666,0.0011668611435239206,0.08051341890315053,0.15402567094515754,0.023337222870478413,0.19253208868144692,0.007001166861143524,0.03500583430571762,0.002333722287047841,0.19369894982497082
331,481,0.0498960498960499,0.004158004158004158,0.3804573804573805,0.008316008316008316,0.035343035343035345,0.006237006237006237,0.11642411642411643,0.079002079002079,0.02702702702702703,0.22453222453222454,0.004158004158004158,0.006237006237006237,0.006237006237006237,0.05197505197505198
332,314,0.07961783439490445,0.006369426751592357,0.18471337579617833,0.044585987261146494,0.03821656050955414,0.0,0.03184713375796178,0.20382165605095542,0.11464968152866242,0.1178343949044586,0.03503184713375796,0.0,0.0031847133757961785,0.14012738853503184
333,1664,0.05889423076923077,0.015024038461538462,0.09375,0.06009615384615385,0.055288461538461536,0.003605769230769231,0.019230769230769232,0.18870192307692307,0.05108173076923077,0.2247596153846154,0.02403846153846154,0.014423076923076924,0.0078125,0.18329326923076922
334,257,0.05058365758754864,0.007782101167315175,0.2840466926070039,0.023346303501945526,0.042801556420233464,0.007782101167315175,0.01556420233463035,0.14396887159533073,0.042801556420233464,0.14007782101167315,0.007782101167315175,0.007782101167315175,0.0038910505836575876,0.22178988326848248
335,77,0.025974025974025976,0.11688311688311688,0.38961038961038963,0.012987012987012988,0.012987012987012988,0.012987012987012988,0.012987012987012988,0.1038961038961039,0.012987012987012988,0.06493506493506493,0.03896103896103896,0.012987012987012988,0.0,0.18181818181818182
336,520,0.0,0.021153846153846155,0.26346153846153847,0.05,0.019230769230769232,0.011538461538461539,0.032692307692307694,0.10192307692307692,0.025,0.3,0.01730769230769231,0.011538461538461539,0.0019230769230769232,0.14423076923076922
337,103,0.0,0.038834951456310676,0.1941747572815534,0.019417475728155338,0.08737864077669903,0.0,0.0,0.04854368932038835,0.06796116504854369,0.23300970873786409,0.009708737864077669,0.22330097087378642,0.0,0.07766990291262135
338,324,0.030864197530864196,0.009259259259259259,0.3765432098765432,0.009259259259259259,0.012345679012345678,0.021604938271604937,0.024691358024691357,0.09259259259259259,0.027777777777777776,0.24382716049382716,0.0030864197530864196,0.021604938271604937,0.009259259259259259,0.11728395061728394
339,831,0.027677496991576414,0.018050541516245487,0.13959085439229843,0.031287605294825514,0.018050541516245487,0.013237063778580024,0.11070998796630566,0.12033694344163658,0.03369434416365824,0.21058965102286403,0.015643802647412757,0.01444043321299639,0.006016847172081829,0.24067388688327315
340,27,0.0,0.07407407407407407,0.14814814814814814,0.0,0.07407407407407407,0.2222222222222222,0.0,0.037037037037037035,0.14814814814814814,0.037037037037037035,0.18518518518518517,0.037037037037037035,0.0,0.037037037037037035
341,924,0.05303030303030303,0.00974025974025974,0.1406926406926407,0.015151515151515152,0.03463203463203463,0.015151515151515152,0.07467532467532467,0.12121212121212122,0.11688311688311688,0.13852813852813853,0.00974025974025974,0.027056277056277056,0.0021645021645021645,0.24134199134199133
342,2804,0.03887303851640513,0.018901569186875893,0.05884450784593438,0.03459343794579173,0.030670470756062766,0.021041369472182596,0.037803138373751786,0.14550641940085593,0.059557774607703284,0.19044222539229672,0.01355206847360913,0.03673323823109843,0.006419400855920114,0.3070613409415121
343,796,0.07035175879396985,0.010050251256281407,0.4510050251256281,0.008793969849246231,0.06030150753768844,0.0037688442211055275,0.011306532663316583,0.06155778894472362,0.06658291457286432,0.05778894472361809,0.01256281407035176,0.016331658291457288,0.011306532663316583,0.15829145728643215
344,375,0.11733333333333333,0.013333333333333334,0.21066666666666667,0.021333333333333333,0.056,0.034666666666666665,0.037333333333333336,0.10933333333333334,0.08266666666666667,0.13333333333333333,0.037333333333333336,0.010666666666666666,0.013333333333333334,0.12266666666666666
345,967,0.10444674250258532,0.002068252326783868,0.5729058945191313,0.010341261633919338,0.0641158221302999,0.007238883143743537,0.020682523267838676,0.04343329886246122,0.04963805584281282,0.03722854188210962,0.0,0.011375387797311272,0.011375387797311272,0.06514994829369183
346,1012,0.030632411067193676,0.011857707509881422,0.22529644268774704,0.022727272727272728,0.036561264822134384,0.0009881422924901185,0.05533596837944664,0.11857707509881422,0.038537549407114624,0.21640316205533597,0.00691699604743083,0.030632411067193676,0.004940711462450593,0.20059288537549408
347,941,0.02763018065887354,0.005313496280552604,0.22422954303931988,0.02763018065887354,0.04144527098831031,0.0021253985122210413,0.020191285866099893,0.15834218916046758,0.04357066950053135,0.13283740701381508,0.012752391073326248,0.05100956429330499,0.004250797024442083,0.24867162592986186
348,228,0.039473684210526314,0.017543859649122806,0.18421052631578946,0.021929824561403508,0.09649122807017543,0.02631578947368421,0.14035087719298245,0.12719298245614036,0.05263157894736842,0.18859649122807018,0.017543859649122806,0.02631578947368421,0.0043859649122807015,0.05701754385964912
349,261,0.0421455938697318,0.038314176245210725,0.2950191570881226,0.007662835249042145,0.034482758620689655,0.02681992337164751,0.13793103448275862,0.07279693486590039,0.05747126436781609,0.14559386973180077,0.0038314176245210726,0.0038314176245210726,0.011494252873563218,0.12260536398467432
350,966,0.046583850931677016,0.013457556935817806,0.17701863354037267,0.026915113871635612,0.049689440993788817,0.006211180124223602,0.044513457556935816,0.14389233954451347,0.06935817805383022,0.2225672877846791,0.017598343685300208,0.062111801242236024,0.002070393374741201,0.11801242236024845
351,3118,0.030147530468248876,0.009300833867864015,0.17928159076330982,0.03367543296985247,0.06382296343810134,0.004169339320076972,0.05067350865939705,0.150096215522771,0.03143040410519564,0.17575368826170623,0.008980115458627326,0.062219371391917896,0.0025657472738935213,0.19788325849903785
352,604,0.03642384105960265,0.018211920529801324,0.16556291390728478,0.014900662251655629,0.04304635761589404,0.009933774834437087,0.029801324503311258,0.1456953642384106,0.04304635761589404,0.1986754966887417,0.013245033112582781,0.019867549668874173,0.0033112582781456954,0.2582781456953642
353,1802,0.026637069922308545,0.011653718091009988,0.15038845726970032,0.03107658157602664,0.033296337402885685,0.006104328523862375,0.033296337402885685,0.1526082130965594,0.048834628190899,0.21587125416204217,0.002774694783573807,0.03218645948945616,0.0022197558268590455,0.25305216426193117
354,908,0.03524229074889868,0.007709251101321586,0.16519823788546256,0.02643171806167401,0.06167400881057269,0.011013215859030838,0.07048458149779736,0.14317180616740088,0.04185022026431718,0.22246696035242292,0.012114537444933921,0.030837004405286344,0.0022026431718061676,0.1696035242290749
355,230,0.004347826086956522,0.013043478260869565,0.4826086956521739,0.004347826086956522,0.034782608695652174,0.008695652173913044,0.021739130434782608,0.1,0.0391304347826087,0.15217391304347827,0.004347826086956522,0.013043478260869565,0.0,0.12173913043478261
356,150,0.02,0.013333333333333334,0.5533333333333333,0.0,0.02666666666666667,0.013333333333333334,0.013333333333333334,0.08666666666666667,0.07333333333333333,0.1,0.006666666666666667,0.0,0.006666666666666667,0.08666666666666667
357,1002,0.01996007984031936,0.007984031936127744,0.37425149700598803,0.015968063872255488,0.038922155688622756,0.00499001996007984,0.04790419161676647,0.14471057884231536,0.03093812375249501,0.16666666666666666,0.00499001996007984,0.003992015968063872,0.000998003992015968,0.1377245508982036
358,702,0.021367521367521368,0.011396011396011397,0.452991452991453,0.01282051282051282,0.038461538461538464,0.01282051282051282,0.02564102564102564,0.11396011396011396,0.008547008547008548,0.16951566951566951,0.007122507122507123,0.011396011396011397,0.0,0.11396011396011396
359,684,0.013157894736842105,0.023391812865497075,0.27631578947368424,0.029239766081871343,0.013157894736842105,0.024853801169590642,0.024853801169590642,0.12573099415204678,0.043859649122807015,0.22953216374269006,0.011695906432748537,0.013157894736842105,0.005847953216374269,0.1652046783625731
360,1678,0.02562574493444577,0.012514898688915376,0.20738974970202623,0.03218116805721097,0.028605482717520857,0.02443384982121573,0.02562574493444577,0.16388557806912993,0.02205005959475566,0.2628128724672229,0.007151370679380214,0.012514898688915376,0.0023837902264600714,0.1728247914183552
361,2626,0.034653465346534656,0.008758568164508759,0.23533891850723535,0.025894897182025894,0.026275704493526276,0.002284843869002285,0.06092916984006093,0.14204112718964204,0.020563594821020565,0.2897943640517898,0.0049504950495049506,0.025894897182025894,0.003808073115003808,0.1188118811881188
362,3555,0.02559774964838256,0.008720112517580873,0.07623066104078763,0.0450070323488045,0.021659634317862168,0.0028129395218002813,0.04191279887482419,0.19212376933895922,0.034317862165963435,0.30829817158931083,0.007032348804500703,0.034317862165963435,0.0036568213783403658,0.19831223628691982
363,1076,0.06412639405204461,0.02509293680297398,0.1570631970260223,0.026022304832713755,0.02973977695167286,0.016728624535315983,0.02137546468401487,0.11802973977695168,0.07342007434944238,0.12360594795539033,0.024163568773234202,0.12639405204460966,0.032527881040892194,0.16171003717472118
364,348,0.10057471264367816,0.0028735632183908046,0.12931034482758622,0.028735632183908046,0.03735632183908046,0.03735632183908046,0.08620689655172414,0.1752873563218391,0.07183908045977011,0.1896551724137931,0.031609195402298854,0.008620689655172414,0.0,0.10057471264367816
365,838,0.0405727923627685,0.017899761336515514,0.2052505966587112,0.027446300715990454,0.026252983293556086,0.007159904534606206,0.026252983293556086,0.14200477326968974,0.027446300715990454,0.15990453460620524,0.01909307875894988,0.046539379474940336,0.008353221957040573,0.2458233890214797
366,2656,0.0651355421686747,0.01581325301204819,0.11031626506024096,0.06965361445783133,0.05271084337349398,0.004894578313253012,0.01957831325301205,0.14984939759036145,0.058358433734939756,0.18599397590361447,0.015060240963855422,0.043298192771084335,0.006024096385542169,0.2033132530120482
367,598,0.056856187290969896,0.016722408026755852,0.15719063545150502,0.020066889632107024,0.06020066889632107,0.048494983277591976,0.05518394648829431,0.1020066889632107,0.08193979933110368,0.16220735785953178,0.015050167224080268,0.038461538461538464,0.0016722408026755853,0.18394648829431437
368,726,0.07988980716253444,0.009641873278236915,0.29476584022038566,0.009641873278236915,0.046831955922865015,0.013774104683195593,0.24242424242424243,0.06473829201101929,0.05922865013774105,0.07851239669421488,0.004132231404958678,0.011019283746556474,0.0027548209366391185,0.08264462809917356
369,2420,0.04049586776859504,0.010743801652892562,0.0640495867768595,0.048347107438016526,0.03966942148760331,0.004132231404958678,0.013223140495867768,0.15578512396694214,0.04008264462809917,0.293801652892562,0.009504132231404958,0.0384297520661157,0.003305785123966942,0.2384297520661157
370,143,0.0,0.006993006993006993,0.27972027972027974,0.027972027972027972,0.08391608391608392,0.02097902097902098,0.15384615384615385,0.04195804195804196,0.055944055944055944,0.23776223776223776,0.02097902097902098,0.006993006993006993,0.0,0.06293706293706294
371,56,0.0,0.05357142857142857,0.10714285714285714,0.0,0.125,0.05357142857142857,0.03571428571428571,0.14285714285714285,0.125,0.17857142857142858,0.017857142857142856,0.0,0.0,0.16071428571428573
372,935,0.011764705882352941,0.0106951871657754,0.04385026737967915,0.045989304812834225,0.020320855614973262,0.0032085561497326204,0.03529411764705882,0.15614973262032086,0.04385026737967915,0.4042780748663102,0.008556149732620321,0.012834224598930482,0.0074866310160427805,0.19572192513368983
373,343,0.014577259475218658,0.011661807580174927,0.1749271137026239,0.01749271137026239,0.029154518950437316,0.01749271137026239,0.02040816326530612,0.10204081632653061,0.05539358600583091,0.29737609329446063,0.014577259475218658,0.01749271137026239,0.0,0.22740524781341107
374,535,0.013084112149532711,0.016822429906542057,0.31962616822429907,0.013084112149532711,0.018691588785046728,0.020560747663551402,0.09345794392523364,0.09532710280373832,0.052336448598130844,0.17570093457943925,0.003738317757009346,0.018691588785046728,0.005607476635514018,0.15327102803738318
375,471,0.0021231422505307855,0.010615711252653927,0.36942675159235666,0.027600849256900213,0.01910828025477707,0.021231422505307854,0.03184713375796178,0.11252653927813164,0.036093418259023353,0.18895966029723993,0.006369426751592357,0.012738853503184714,0.008492569002123142,0.15286624203821655
376,1733,0.031736872475476054,0.004616272360069244,0.11482977495672245,0.044431621465666475,0.024812463935372186,0.003462204270051933,0.029428736295441432,0.1713791113675707,0.030582804385458743,0.3473744950952106,0.008655510675129832,0.04270051933064051,0.0075014425851125215,0.13848817080207732
377,52,0.07692307692307693,0.09615384615384616,0.019230769230769232,0.07692307692307693,0.019230769230769232,0.23076923076923078,0.019230769230769232,0.0,0.0,0.057692307692307696,0.057692307692307696,0.07692307692307693,0.0,0.2692307692307692
378,258,0.031007751937984496,0.01937984496124031,0.2248062015503876,0.031007751937984496,0.05813953488372093,0.003875968992248062,0.04263565891472868,0.15503875968992248,0.06201550387596899,0.2131782945736434,0.046511627906976744,0.015503875968992248,0.007751937984496124,0.08914728682170543
379,692,0.017341040462427744,0.0072254335260115606,0.29190751445086704,0.031791907514450865,0.031791907514450865,0.002890173410404624,0.05057803468208093,0.13728323699421965,0.028901734104046242,0.21242774566473988,0.002890173410404624,0.017341040462427744,0.01300578034682081,0.1546242774566474
380,245,0.00816326530612245,0.0163265306122449,0.44081632653061226,0.004081632653061225,0.024489795918367346,0.012244897959183673,0.04897959183673469,0.053061224489795916,0.04081632653061224,0.15918367346938775,0.004081632653061225,0.00816326530612245,0.004081632653061225,0.17551020408163265
381,416,0.019230769230769232,0.004807692307692308,0.22115384615384615,0.01201923076923077,0.019230769230769232,0.007211538461538462,0.0985576923076923,0.0985576923076923,0.036057692307692304,0.3918269230769231,0.004807692307692308,0.002403846153846154,0.004807692307692308,0.07932692307692307
382,1463,0.04647983595352016,0.019822282980177717,0.18455228981544772,0.025974025974025976,0.02939166097060834,0.004101161995898838,0.050580997949419004,0.14490772385509226,0.05331510594668489,0.2508544087491456,0.01161995898838004,0.010936431989063569,0.014354066985645933,0.15311004784688995
383,1102,0.03357531760435572,0.009981851179673321,0.3466424682395644,0.022686025408348458,0.024500907441016333,0.021778584392014518,0.05898366606170599,0.11070780399274047,0.02722323049001815,0.19600725952813067,0.008166969147005444,0.018148820326678767,0.0054446460980036296,0.1161524500907441
384,223,0.08968609865470852,0.04484304932735426,0.2062780269058296,0.03139013452914798,0.04484304932735426,0.017937219730941704,0.03587443946188341,0.11210762331838565,0.09417040358744394,0.11210762331838565,0.03587443946188341,0.0,0.004484304932735426,0.17040358744394618
385,696,0.021551724137931036,0.007183908045977011,0.5186781609195402,0.0028735632183908046,0.031609195402298854,0.0,0.07040229885057471,0.1206896551724138,0.022988505747126436,0.13793103448275862,0.0028735632183908046,0.005747126436781609,0.005747126436781609,0.05172413793103448
386,1968,0.044715447154471545,0.011178861788617886,0.09502032520325203,0.036585365853658534,0.021341463414634148,0.007621951219512195,0.033028455284552845,0.15294715447154472,0.049796747967479675,0.3053861788617886,0.01016260162601626,0.015752032520325202,0.006097560975609756,0.21036585365853658
387,892,0.061659192825112105,0.020179372197309416,0.1132286995515695,0.032511210762331835,0.030269058295964126,0.1132286995515695,0.043721973094170405,0.1266816143497758,0.052690582959641255,0.2006726457399103,0.017937219730941704,0.021300448430493273,0.004484304932735426,0.16143497757847533
388,289,0.02768166089965398,0.0034602076124567475,0.33217993079584773,0.02768166089965398,0.020761245674740483,0.0726643598615917,0.01384083044982699,0.09688581314878893,0.06228373702422145,0.1695501730103806,0.010380622837370242,0.006920415224913495,0.0034602076124567475,0.1522491349480969
389,459,0.09368191721132897,0.0196078431372549,0.3420479302832244,0.02178649237472767,0.04357298474945534,0.0,0.05010893246187364,0.08932461873638345,0.07625272331154684,0.1328976034858388,0.02178649237472767,0.010893246187363835,0.004357298474945534,0.09368191721132897
390,722,0.030470914127423823,0.012465373961218837,0.296398891966759,0.038781163434903045,0.02077562326869806,0.018005540166204988,0.012465373961218837,0.10803324099722991,0.060941828254847646,0.1329639889196676,0.002770083102493075,0.062326869806094184,0.0013850415512465374,0.20221606648199447
391,1029,0.03984450923226433,0.008746355685131196,0.09912536443148688,0.03984450923226433,0.01652089407191448,0.004859086491739553,0.022351797862001945,0.16423712342079688,0.06705539358600583,0.3226433430515063,0.006802721088435374,0.011661807580174927,0.014577259475218658,0.18172983479105928
392,146,0.00684931506849315,0.00684931506849315,0.5,0.0136986301369863,0.02054794520547945,0.0,0.0,0.08904109589041095,0.04794520547945205,0.0821917808219178,0.02054794520547945,0.0,0.0,0.21232876712328766
393,52,0.019230769230769232,0.09615384615384616,0.36538461538461536,0.019230769230769232,0.0,0.0,0.019230769230769232,0.17307692307692307,0.057692307692307696,0.17307692307692307,0.0,0.019230769230769232,0.0,0.057692307692307696
394,95,0.010526315789473684,0.031578947368421054,0.2736842105263158,0.042105263157894736,0.010526315789473684,0.0,0.010526315789473684,0.08421052631578947,0.08421052631578947,0.2736842105263158,0.010526315789473684,0.010526315789473684,0.010526315789473684,0.14736842105263157
395,47,0.0,0.0,0.1702127659574468,0.0425531914893617,0.02127659574468085,0.0,0.02127659574468085,0.0425531914893617,0.1276595744680851,0.3829787234042553,0.0,0.0,0.0,0.19148936170212766
396,100,0.02,0.03,0.28,0.04,0.01,0.02,0.04,0.07,0.04,0.24,0.04,0.02,0.01,0.14
397,145,0.006896551724137931,0.027586206896551724,0.23448275862068965,0.006896551724137931,0.034482758620689655,0.006896551724137931,0.15172413793103448,0.1103448275862069,0.04827586206896552,0.20689655172413793,0.006896551724137931,0.013793103448275862,0.006896551724137931,0.13793103448275862
398,1173,0.04774083546462063,0.01278772378516624,0.09121909633418585,0.0392156862745098,0.026427962489343565,0.0,0.0196078431372549,0.16965046888320545,0.056265984654731455,0.2608695652173913,0.020460358056265986,0.0443307757885763,0.0076726342710997444,0.20375106564364875
399,31,0.0967741935483871,0.03225806451612903,0.4838709677419355,0.0,0.12903225806451613,0.0,0.03225806451612903,0.0967741935483871,0.0967741935483871,0.0,0.03225806451612903,0.0,0.0,0.0
400,244,0.09836065573770492,0.00819672131147541,0.1680327868852459,0.03278688524590164,0.03278688524590164,0.05327868852459016,0.03278688524590164,0.11885245901639344,0.0778688524590164,0.13524590163934427,0.00819672131147541,0.020491803278688523,0.00819672131147541,0.20491803278688525
401,527,0.12144212523719165,0.013282732447817837,0.13851992409867173,0.022770398481973434,0.04743833017077799,0.0018975332068311196,0.06451612903225806,0.16698292220113853,0.07590132827324478,0.14231499051233396,0.015180265654648957,0.024667931688804556,0.007590132827324478,0.15749525616698293
402,402,0.05223880597014925,0.02736318407960199,0.2885572139303483,0.014925373134328358,0.05970149253731343,0.03233830845771144,0.06965174129353234,0.10945273631840796,0.04975124378109453,0.21393034825870647,0.007462686567164179,0.012437810945273632,0.009950248756218905,0.05223880597014925
403,831,0.07099879663056559,0.009626955475330927,0.17328519855595667,0.04332129963898917,0.02888086642599278,0.021660649819494584,0.05415162454873646,0.16365824308062576,0.05535499398315283,0.2009626955475331,0.02527075812274368,0.015643802647412757,0.007220216606498195,0.1299638989169675
404,2153,0.036228518346493266,0.008360427310729215,0.19136089177891313,0.03158383650719926,0.02090106827682304,0.0023223409196470044,0.042731072921504874,0.13237343241987923,0.032512772875058056,0.3288434742220158,0.008360427310729215,0.018114259173246633,0.0037157454714352067,0.14259173246632606
405,1534,0.01694915254237288,0.007822685788787484,0.3455019556714472,0.022816166883963495,0.044980443285528034,0.011734028683181226,0.044980443285528034,0.11734028683181226,0.03389830508474576,0.17405475880052151,0.003911342894393742,0.03585397653194263,0.001955671447196871,0.13820078226857888
406,774,0.04392764857881137,0.014211886304909561,0.11757105943152454,0.050387596899224806,0.021963824289405683,0.020671834625323,0.05426356589147287,0.14987080103359174,0.04521963824289406,0.3062015503875969,0.015503875968992248,0.020671834625323,0.007751937984496124,0.13178294573643412
407,1838,0.018498367791077257,0.01088139281828074,0.3193688792165397,0.017954298150163223,0.031011969532100107,0.005984766050054407,0.03264417845484222,0.0957562568008705,0.036996735582154515,0.26659412404787813,0.004352557127312296,0.029923830250272034,0.002720348204570185,0.12731229597388466
408,681,0.06754772393538913,0.00881057268722467,0.14977973568281938,0.04552129221732746,0.05286343612334802,0.013215859030837005,0.041116005873715125,0.15418502202643172,0.03671071953010279,0.16152716593245228,0.011747430249632892,0.042584434654919234,0.004405286343612335,0.20998531571218795
409,695,0.1093525179856115,0.0057553956834532375,0.20863309352517986,0.027338129496402876,0.07050359712230216,0.010071942446043165,0.025899280575539568,0.15683453237410072,0.08776978417266187,0.14820143884892087,0.014388489208633094,0.008633093525179856,0.010071942446043165,0.11654676258992806
410,1284,0.04127725856697819,0.014018691588785047,0.19626168224299065,0.040498442367601244,0.030373831775700934,0.007009345794392523,0.04361370716510903,0.1261682242990654,0.045171339563862926,0.220404984423676,0.010903426791277258,0.024143302180685357,0.006230529595015576,0.1939252336448598
411,259,0.0694980694980695,0.011583011583011582,0.08108108108108109,0.03088803088803089,0.05791505791505792,0.003861003861003861,0.019305019305019305,0.13513513513513514,0.03088803088803089,0.09266409266409266,0.003861003861003861,0.10424710424710425,0.003861003861003861,0.3552123552123552
412,1596,0.03571428571428571,0.020050125313283207,0.13032581453634084,0.040726817042606514,0.017543859649122806,0.003132832080200501,0.03571428571428571,0.16478696741854637,0.07456140350877193,0.2111528822055138,0.011904761904761904,0.040726817042606514,0.009398496240601503,0.20426065162907267
413,430,0.07441860465116279,0.020930232558139535,0.07674418604651163,0.03488372093023256,0.023255813953488372,0.013953488372093023,0.03255813953488372,0.17906976744186046,0.08837209302325581,0.17209302325581396,0.023255813953488372,0.030232558139534883,0.013953488372093023,0.21627906976744185
414,525,0.08761904761904762,0.0038095238095238095,0.32,0.03428571428571429,0.05142857142857143,0.0038095238095238095,0.022857142857142857,0.12571428571428572,0.08952380952380952,0.10857142857142857,0.013333333333333334,0.013333333333333334,0.005714285714285714,0.12
415,276,0.05434782608695652,0.0,0.5144927536231884,0.028985507246376812,0.06521739130434782,0.014492753623188406,0.03260869565217391,0.10869565217391304,0.05434782608695652,0.03260869565217391,0.007246376811594203,0.014492753623188406,0.0036231884057971015,0.06884057971014493
416,302,0.17880794701986755,0.016556291390728478,0.16556291390728478,0.016556291390728478,0.08940397350993377,0.029801324503311258,0.016556291390728478,0.1357615894039735,0.046357615894039736,0.076158940397351,0.023178807947019868,0.013245033112582781,0.04966887417218543,0.1423841059602649
417,258,0.08139534883720931,0.0,0.41472868217054265,0.007751937984496124,0.031007751937984496,0.01937984496124031,0.06589147286821706,0.13953488372093023,0.015503875968992248,0.05813953488372093,0.007751937984496124,0.023255813953488372,0.011627906976744186,0.12403100775193798
418,680,0.01764705882352941,0.004411764705882353,0.48823529411764705,0.014705882352941176,0.026470588235294117,0.004411764705882353,0.061764705882352944,0.11029411764705882,0.027941176470588237,0.12941176470588237,0.004411764705882353,0.008823529411764706,0.008823529411764706,0.09264705882352942
419,280,0.025,0.007142857142857143,0.5035714285714286,0.017857142857142856,0.07142857142857142,0.014285714285714285,0.04642857142857143,0.07142857142857142,0.04285714285714286,0.075,0.0035714285714285713,0.0035714285714285713,0.0,0.11785714285714285
420,2258,0.027900797165633304,0.012400354295837024,0.15987599645704162,0.04074402125775022,0.024800708591674048,0.007971656333038087,0.023029229406554472,0.1678476527900797,0.03808680248007086,0.2843224092116918,0.006200177147918512,0.012400354295837024,0.006643046944198406,0.18777679362267494
421,510,0.00980392156862745,0.00980392156862745,0.5764705882352941,0.01568627450980392,0.03137254901960784,0.00980392156862745,0.01764705882352941,0.0784313725490196,0.03529411764705882,0.08627450980392157,0.0058823529411764705,0.0058823529411764705,0.00196078431372549,0.11568627450980393
422,926,0.0183585313174946,0.00755939524838013,0.4200863930885529,0.014038876889848811,0.00755939524838013,0.014038876889848811,0.042116630669546434,0.12526997840172785,0.012958963282937365,0.1673866090712743,0.01079913606911447,0.005399568034557235,0.0032397408207343412,0.1511879049676026
423,502,0.01195219123505976,0.013944223107569721,0.2649402390438247,0.0398406374501992,0.035856573705179286,0.0398406374501992,0.025896414342629483,0.15737051792828685,0.043824701195219126,0.13346613545816732,0.01593625498007968,0.0199203187250996,0.00597609561752988,0.19123505976095617
424,1010,0.02277227722772277,0.0039603960396039604,0.3712871287128713,0.026732673267326732,0.016831683168316833,0.006930693069306931,0.061386138613861385,0.09504950495049505,0.027722772277227723,0.200990099009901,0.0019801980198019802,0.01485148514851485,0.007920792079207921,0.14158415841584157
425,1079,0.012974976830398516,0.009267840593141797,0.3345690454124189,0.03521779425393883,0.015755329008341055,0.006487488415199258,0.016682113067655237,0.13067655236329936,0.03429101019462465,0.1788693234476367,0.004633920296570899,0.027803521779425393,0.0037071362372567192,0.18906394810009267
426,501,0.05189620758483034,0.007984031936127744,0.14171656686626746,0.03592814371257485,0.05189620758483034,0.031936127744510975,0.00998003992015968,0.18163672654690619,0.11976047904191617,0.16766467065868262,0.04790419161676647,0.023952095808383235,0.007984031936127744,0.11976047904191617
427,2400,0.05291666666666667,0.00875,0.15416666666666667,0.03166666666666667,0.03166666666666667,0.0033333333333333335,0.02666666666666667,0.12708333333333333,0.051666666666666666,0.28875,0.007916666666666667,0.025,0.007916666666666667,0.1825
428,1136,0.022887323943661973,0.007922535211267605,0.17253521126760563,0.03609154929577465,0.03433098591549296,0.03433098591549296,0.013204225352112676,0.17165492957746478,0.025528169014084508,0.2887323943661972,0.007922535211267605,0.028169014084507043,0.002640845070422535,0.15404929577464788
429,561,0.0766488413547237,0.012477718360071301,0.12121212121212122,0.023172905525846704,0.0427807486631016,0.1657754010695187,0.0106951871657754,0.1051693404634581,0.0748663101604278,0.16934046345811052,0.0071301247771836,0.017825311942959002,0.0142602495543672,0.1586452762923351
430,768,0.059895833333333336,0.005208333333333333,0.036458333333333336,0.024739583333333332,0.07291666666666667,0.024739583333333332,0.005208333333333333,0.09114583333333333,0.12239583333333333,0.07291666666666667,0.033854166666666664,0.20052083333333334,0.0,0.25
431,850,0.03411764705882353,0.0058823529411764705,0.03294117647058824,0.021176470588235293,0.02588235294117647,0.03294117647058824,0.015294117647058824,0.09294117647058824,0.1423529411764706,0.1388235294117647,0.015294117647058824,0.19647058823529412,0.0035294117647058825,0.24235294117647058
432,933,0.05787781350482315,0.007502679528403001,0.20793140407288319,0.04072883172561629,0.05251875669882101,0.011789924973204717,0.03536977491961415,0.11146838156484459,0.07609860664523044,0.17792068595927116,0.01714898177920686,0.02679528403001072,0.0021436227224008574,0.17470525187566988
433,911,0.048298572996706916,0.0043907793633369925,0.21405049396267836,0.05159165751920966,0.059275521405049394,0.0021953896816684962,0.04061470911086718,0.16136114160263446,0.07574094401756312,0.14818880351262348,0.018660812294182216,0.020856201975850714,0.008781558726673985,0.145993413830955
434,1757,0.05293113261240751,0.014228799089356859,0.08081957882754695,0.043255549231644846,0.03870233352305066,0.010813887307911212,0.00398406374501992,0.1593625498007968,0.07057484348321001,0.26124075128059193,0.01309049516220831,0.01707455890722823,0.015367103016505406,0.21855435401252135
435,630,0.07777777777777778,0.009523809523809525,0.0746031746031746,0.06031746031746032,0.04285714285714286,0.025396825396825397,0.04126984126984127,0.15873015873015872,0.047619047619047616,0.20952380952380953,0.014285714285714285,0.022222222222222223,0.011111111111111112,0.20476190476190476
436,1159,0.056945642795513375,0.012079378774805867,0.1458153580672994,0.04141501294219154,0.056945642795513375,0.012942191544434857,0.031061259706643658,0.1276962899050906,0.0638481449525453,0.23123382226056946,0.008628127696289905,0.012079378774805867,0.008628127696289905,0.1906816220880069
437,688,0.040697674418604654,0.02180232558139535,0.10901162790697674,0.036337209302325583,0.03488372093023256,0.05232558139534884,0.005813953488372093,0.14825581395348839,0.1555232558139535,0.18023255813953487,0.029069767441860465,0.024709302325581394,0.00436046511627907,0.1569767441860465
438,1217,0.05341002465078061,0.009038619556285949,0.1372226787181594,0.03533278553820871,0.05341002465078061,0.013968775677896467,0.043549712407559574,0.15447822514379622,0.06820049301561217,0.20460147904683648,0.010682004930156122,0.0238290879211175,0.008216926869350863,0.18405916187345933
439,816,0.07965686274509803,0.020833333333333332,0.125,0.030637254901960783,0.05392156862745098,0.01715686274509804,0.0392156862745098,0.1715686274509804,0.10294117647058823,0.17892156862745098,0.022058823529411766,0.014705882352941176,0.012254901960784314,0.13112745098039216
440,262,0.05343511450381679,0.007633587786259542,0.35877862595419846,0.015267175572519083,0.03435114503816794,0.022900763358778626,0.09923664122137404,0.1183206106870229,0.003816793893129771,0.17557251908396945,0.003816793893129771,0.019083969465648856,0.0,0.08778625954198473
441,833,0.09483793517406963,0.014405762304921969,0.13565426170468187,0.04201680672268908,0.057623049219687875,0.014405762304921969,0.04441776710684274,0.13925570228091236,0.08283313325330131,0.2112845138055222,0.012004801920768308,0.01800720288115246,0.015606242496998799,0.11764705882352941
442,174,0.06321839080459771,0.017241379310344827,0.4367816091954023,0.0,0.04597701149425287,0.017241379310344827,0.1839080459770115,0.1206896551724138,0.0,0.05747126436781609,0.011494252873563218,0.0,0.0,0.04597701149425287
443,384,0.09895833333333333,0.0078125,0.234375,0.0234375,0.059895833333333336,0.16145833333333334,0.041666666666666664,0.10677083333333333,0.057291666666666664,0.09375,0.005208333333333333,0.0078125,0.0026041666666666665,0.09895833333333333
444,55,0.07272727272727272,0.05454545454545454,0.21818181818181817,0.03636363636363636,0.05454545454545454,0.12727272727272726,0.01818181818181818,0.14545454545454545,0.10909090909090909,0.0,0.0,0.0,0.01818181818181818,0.14545454545454545
445,1681,0.03390838786436645,0.001784651992861392,0.29208804283164785,0.023200475907198096,0.04759071980963712,0.011302795954788817,0.0809042236763831,0.11005353955978585,0.03569303985722784,0.21891731112433074,0.004164187983343248,0.018441403926234383,0.000594883997620464,0.12135633551457466
446,2542,0.059008654602675056,0.011014948859166011,0.16443745082612116,0.03304484657749803,0.034225019669551535,0.006294256490952006,0.04878048780487805,0.14752163650668765,0.04130605822187254,0.25806451612903225,0.0055074744295830055,0.022816679779701022,0.005900865460267506,0.16207710464201416
447,1577,0.05072923272035511,0.013316423589093214,0.14077362079898542,0.03677869372225745,0.03170577045022194,0.013950538998097653,0.06277742549143944,0.1293595434369055,0.04502219403931516,0.2942295497780596,0.013950538998097653,0.01077996195307546,0.0057070386810399495,0.15091946734305645
448,288,0.024305555555555556,0.013888888888888888,0.059027777777777776,0.04861111111111111,0.052083333333333336,0.0,0.03819444444444445,0.1875,0.08333333333333333,0.2013888888888889,0.013888888888888888,0.003472222222222222,0.0,0.2743055555555556
449,765,0.02483660130718954,0.01045751633986928,0.17516339869281045,0.032679738562091505,0.02091503267973856,0.00261437908496732,0.04183006535947712,0.17647058823529413,0.050980392156862744,0.2130718954248366,0.01568627450980392,0.018300653594771243,0.00392156862745098,0.2130718954248366
450,106,0.0,0.0,0.41509433962264153,0.02830188679245283,0.09433962264150944,0.018867924528301886,0.10377358490566038,0.1320754716981132,0.04716981132075472,0.07547169811320754,0.02830188679245283,0.0,0.0,0.05660377358490566
451,36,0.0,0.027777777777777776,0.25,0.0,0.05555555555555555,0.1388888888888889,0.05555555555555555,0.1388888888888889,0.05555555555555555,0.05555555555555555,0.027777777777777776,0.0,0.0,0.19444444444444445
452,195,0.041025641025641026,0.005128205128205128,0.17435897435897435,0.02564102564102564,0.041025641025641026,0.02564102564102564,0.06666666666666667,0.11794871794871795,0.06666666666666667,0.23076923076923078,0.03076923076923077,0.02564102564102564,0.0,0.14871794871794872
453,134,0.014925373134328358,0.007462686567164179,0.5223880597014925,0.007462686567164179,0.07462686567164178,0.007462686567164179,0.05970149253731343,0.05223880597014925,0.029850746268656716,0.13432835820895522,0.014925373134328358,0.014925373134328358,0.007462686567164179,0.05223880597014925
454,57,0.0,0.05263157894736842,0.2807017543859649,0.017543859649122806,0.03508771929824561,0.03508771929824561,0.017543859649122806,0.08771929824561403,0.07017543859649122,0.17543859649122806,0.03508771929824561,0.0,0.0,0.19298245614035087
455,62,0.0,0.04838709677419355,0.2903225806451613,0.016129032258064516,0.06451612903225806,0.016129032258064516,0.016129032258064516,0.04838709677419355,0.08064516129032258,0.11290322580645161,0.06451612903225806,0.0,0.0,0.24193548387096775
456,32,0.03125,0.0625,0.5,0.0,0.0625,0.0,0.0,0.09375,0.0625,0.0,0.0,0.0,0.0,0.1875
457,480,0.016666666666666666,0.0125,0.09375,0.041666666666666664,0.020833333333333332,0.0020833333333333333,0.0375,0.21458333333333332,0.06041666666666667,0.26875,0.010416666666666666,0.016666666666666666,0.00625,0.19791666666666666
458,271,0.0,0.007380073800738007,0.18081180811808117,0.04059040590405904,0.01107011070110701,0.007380073800738007,0.08856088560885608,0.11808118081180811,0.05904059040590406,0.2656826568265683,0.02214022140221402,0.0036900369003690036,0.0036900369003690036,0.1918819188191882
459,133,0.007518796992481203,0.007518796992481203,0.5639097744360902,0.022556390977443608,0.022556390977443608,0.0,0.05263157894736842,0.08270676691729323,0.045112781954887216,0.09774436090225563,0.015037593984962405,0.0,0.0,0.08270676691729323
460,49,0.0,0.02040816326530612,0.40816326530612246,0.02040816326530612,0.04081632653061224,0.061224489795918366,0.02040816326530612,0.14285714285714285,0.0,0.08163265306122448,0.061224489795918366,0.0,0.0,0.14285714285714285
461,51,0.0,0.0392156862745098,0.39215686274509803,0.058823529411764705,0.0392156862745098,0.0392156862745098,0.058823529411764705,0.13725490196078433,0.0392156862745098,0.13725490196078433,0.0,0.0,0.0,0.058823529411764705
462,175,0.07428571428571429,0.022857142857142857,0.34285714285714286,0.017142857142857144,0.06285714285714286,0.022857142857142857,0.02857142857142857,0.13142857142857142,0.06285714285714286,0.14857142857142858,0.005714285714285714,0.0,0.011428571428571429,0.06857142857142857
463,195,0.02564102564102564,0.015384615384615385,0.5692307692307692,0.010256410256410256,0.041025641025641026,0.020512820512820513,0.02564102564102564,0.14358974358974358,0.035897435897435895,0.06666666666666667,0.0,0.005128205128205128,0.0,0.041025641025641026
464,1358,0.026509572901325478,0.021354933726067747,0.21354933726067746,0.035346097201767304,0.029455081001472753,0.0014727540500736377,0.06332842415316642,0.13033873343151695,0.024300441826215022,0.2555228276877761,0.005154639175257732,0.027982326951399118,0.005891016200294551,0.15979381443298968
465,3318,0.03887884267631103,0.020795660036166366,0.0949367088607595,0.037070524412296565,0.020795660036166366,0.003616636528028933,0.027426160337552744,0.1458710066305003,0.038276069921639545,0.32338758288125374,0.006931886678722122,0.043701024713682944,0.013562386980108499,0.18474984930681132
466,819,0.031746031746031744,0.019536019536019536,0.22954822954822954,0.017094017094017096,0.029304029304029304,0.002442002442002442,0.05128205128205128,0.10989010989010989,0.03663003663003663,0.3028083028083028,0.006105006105006105,0.02442002442002442,0.02197802197802198,0.11721611721611722
467,555,0.005405405405405406,0.005405405405405406,0.09549549549549549,0.04684684684684685,0.014414414414414415,0.0036036036036036037,0.06486486486486487,0.12432432432432433,0.06666666666666667,0.372972972972973,0.007207207207207207,0.014414414414414415,0.0036036036036036037,0.17477477477477477
468,39,0.07692307692307693,0.05128205128205128,0.23076923076923078,0.05128205128205128,0.0,0.0,0.10256410256410256,0.02564102564102564,0.05128205128205128,0.15384615384615385,0.02564102564102564,0.02564102564102564,0.0,0.20512820512820512
469,43,0.0,0.09302325581395349,0.3953488372093023,0.06976744186046512,0.046511627906976744,0.046511627906976744,0.0,0.046511627906976744,0.06976744186046512,0.046511627906976744,0.11627906976744186,0.023255813953488372,0.0,0.046511627906976744
470,30,0.0,0.0,0.3,0.06666666666666667,0.0,0.03333333333333333,0.0,0.1,0.13333333333333333,0.16666666666666666,0.06666666666666667,0.03333333333333333,0.0,0.1
471,376,0.02127659574468085,0.010638297872340425,0.11170212765957446,0.047872340425531915,0.018617021276595744,0.005319148936170213,0.0851063829787234,0.1196808510638298,0.05319148936170213,0.3723404255319149,0.005319148936170213,0.02127659574468085,0.007978723404255319,0.1196808510638298
472,113,0.0,0.02654867256637168,0.13274336283185842,0.04424778761061947,0.05309734513274336,0.0,0.02654867256637168,0.11504424778761062,0.08849557522123894,0.30973451327433627,0.008849557522123894,0.017699115044247787,0.0,0.17699115044247787
473,67,0.029850746268656716,0.08955223880597014,0.1791044776119403,0.014925373134328358,0.0,0.05970149253731343,0.04477611940298507,0.13432835820895522,0.04477611940298507,0.13432835820895522,0.04477611940298507,0.04477611940298507,0.0,0.1791044776119403
474,70,0.014285714285714285,0.05714285714285714,0.2571428571428571,0.014285714285714285,0.014285714285714285,0.014285714285714285,0.0,0.04285714285714286,0.18571428571428572,0.04285714285714286,0.04285714285714286,0.0,0.0,0.3142857142857143
475,143,0.006993006993006993,0.006993006993006993,0.13986013986013987,0.027972027972027972,0.06993006993006994,0.006993006993006993,0.055944055944055944,0.13986013986013987,0.11188811188811189,0.2517482517482518,0.013986013986013986,0.0,0.0,0.16783216783216784
476,31,0.03225806451612903,0.03225806451612903,0.3225806451612903,0.03225806451612903,0.03225806451612903,0.0,0.06451612903225806,0.03225806451612903,0.1935483870967742,0.06451612903225806,0.06451612903225806,0.03225806451612903,0.0,0.0967741935483871
477,497,0.014084507042253521,0.03822937625754527,0.014084507042253521,0.006036217303822937,0.2052313883299799,0.01006036217303823,0.01609657947686117,0.012072434607645875,0.01006036217303823,0.0482897384305835,0.014084507042253521,0.5271629778672032,0.006036217303822937,0.07847082494969819
478,219,0.0182648401826484,0.0228310502283105,0.0547945205479452,0.0639269406392694,0.0182648401826484,0.0045662100456621,0.0593607305936073,0.1141552511415525,0.0547945205479452,0.2511415525114155,0.0228310502283105,0.0958904109589041,0.0228310502283105,0.1963470319634703
479,38,0.07894736842105263,0.05263157894736842,0.07894736842105263,0.0,0.05263157894736842,0.05263157894736842,0.0,0.02631578947368421,0.02631578947368421,0.07894736842105263,0.07894736842105263,0.34210526315789475,0.0,0.13157894736842105
480,117,0.15384615384615385,0.06837606837606838,0.05982905982905983,0.008547008547008548,0.05982905982905983,0.07692307692307693,0.03418803418803419,0.02564102564102564,0.03418803418803419,0.06837606837606838,0.08547008547008547,0.21367521367521367,0.0,0.1111111111111111
481,76,0.013157894736842105,0.02631578947368421,0.13157894736842105,0.05263157894736842,0.02631578947368421,0.0,0.02631578947368421,0.10526315789473684,0.06578947368421052,0.2631578947368421,0.02631578947368421,0.06578947368421052,0.013157894736842105,0.18421052631578946
482,481,0.02079002079002079,0.02079002079002079,0.037422037422037424,0.004158004158004158,0.06860706860706861,0.010395010395010396,0.012474012474012475,0.02494802494802495,0.014553014553014554,0.02494802494802495,0.018711018711018712,0.6860706860706861,0.0,0.056133056133056136
483,128,0.0703125,0.1015625,0.1953125,0.0234375,0.0078125,0.234375,0.015625,0.03125,0.03125,0.0546875,0.078125,0.0625,0.015625,0.078125
484,90,0.0,0.05555555555555555,0.45555555555555555,0.011111111111111112,0.044444444444444446,0.05555555555555555,0.011111111111111112,0.011111111111111112,0.06666666666666667,0.044444444444444446,0.03333333333333333,0.1,0.0,0.1111111111111111
485,60,0.0,0.0,0.3,0.03333333333333333,0.05,0.016666666666666666,0.06666666666666667,0.06666666666666667,0.05,0.23333333333333334,0.03333333333333333,0.016666666666666666,0.0,0.13333333333333333
486,99,0.0,0.020202020202020204,0.20202020202020202,0.050505050505050504,0.0,0.030303030303030304,0.030303030303030304,0.10101010101010101,0.0707070707070707,0.25252525252525254,0.020202020202020204,0.04040404040404041,0.0,0.18181818181818182
487,686,0.056851311953352766,0.008746355685131196,0.4096209912536443,0.016034985422740525,0.037900874635568516,0.007288629737609329,0.061224489795918366,0.08017492711370262,0.037900874635568516,0.141399416909621,0.008746355685131196,0.013119533527696793,0.0014577259475218659,0.119533527696793
488,2214,0.03477868112014453,0.014001806684733513,0.1011743450767841,0.017163504968383016,0.014905149051490514,0.0,0.01942186088527552,0.10794941282746161,0.03884372177055104,0.44308943089430897,0.016260162601626018,0.03432700993676603,0.01084010840108401,0.14724480578139115
489,797,0.06398996235884567,0.0037641154328732747,0.2383939774153074,0.013801756587202008,0.053952321204516936,0.002509410288582183,0.17440401505646172,0.0903387703889586,0.02383939774153074,0.2383939774153074,0.006273525721455458,0.0037641154328732747,0.010037641154328732,0.07653701380175659
490,1171,0.053800170794193,0.017933390264730998,0.08283518360375747,0.034158838599487616,0.029035012809564473,0.009393680614859094,0.011101622544833475,0.16481639624252775,0.05465414175918019,0.2929120409906063,0.006831767719897523,0.037574722459436376,0.012809564474807857,0.19214346712211786
491,1984,0.02721774193548387,0.007560483870967742,0.11290322580645161,0.03931451612903226,0.030745967741935484,0.006048387096774193,0.029233870967741934,0.1688508064516129,0.03225806451612903,0.3598790322580645,0.008568548387096774,0.029233870967741934,0.010080645161290322,0.1381048387096774
492,845,0.027218934911242602,0.008284023668639054,0.24142011834319527,0.023668639053254437,0.03195266272189349,0.005917159763313609,0.12781065088757396,0.15739644970414202,0.04378698224852071,0.20473372781065088,0.015384615384615385,0.010650887573964497,0.007100591715976331,0.09467455621301775
493,985,0.03654822335025381,0.03553299492385787,0.19898477157360406,0.02030456852791878,0.025380710659898477,0.015228426395939087,0.10456852791878173,0.132994923857868,0.03857868020304569,0.2182741116751269,0.025380710659898477,0.009137055837563452,0.003045685279187817,0.13604060913705585
494,767,0.05345501955671447,0.01303780964797914,0.08083441981747067,0.04563233376792699,0.041720990873533245,0.003911342894393742,0.04302477183833116,0.17340286831812254,0.07822685788787484,0.33116036505867014,0.01303780964797914,0.003911342894393742,0.009126466753585397,0.10951760104302477
495,681,0.030837004405286344,0.007342143906020558,0.2599118942731278,0.02936857562408223,0.030837004405286344,0.01908957415565345,0.0513950073421439,0.16299559471365638,0.027900146842878122,0.19089574155653452,0.00881057268722467,0.011747430249632892,0.007342143906020558,0.16152716593245228
496,1146,0.03926701570680628,0.005235602094240838,0.17975567190226877,0.031413612565445025,0.02443280977312391,0.002617801047120419,0.055846422338568937,0.14048865619546247,0.06282722513089005,0.28883071553228623,0.016579406631762654,0.011343804537521814,0.006980802792321117,0.1343804537521815
497,1760,0.051704545454545454,0.016477272727272726,0.22102272727272726,0.06306818181818181,0.03465909090909091,0.0011363636363636363,0.042045454545454546,0.11193181818181819,0.040340909090909094,0.25738636363636364,0.011363636363636364,0.014772727272727272,0.010795454545454546,0.12329545454545454
498,1211,0.11312964492155243,0.005780346820809248,0.16515276630883569,0.03137902559867878,0.053674649050371594,0.002477291494632535,0.03303055326176713,0.1337737407101569,0.07514450867052024,0.21304706853839803,0.01486374896779521,0.00495458298926507,0.03220478943022296,0.12138728323699421
499,1707,0.05213825424721734,0.007029876977152899,0.08611599297012303,0.05506736965436438,0.03866432337434095,0.0017574692442882249,0.005272407732864675,0.1616871704745167,0.054481546572934976,0.37434094903339193,0.005858230814294083,0.01054481546572935,0.016403046280023433,0.13063854715875806
500,656,0.051829268292682924,0.010670731707317074,0.07774390243902439,0.054878048780487805,0.027439024390243903,0.001524390243902439,0.04725609756097561,0.15853658536585366,0.09603658536585366,0.3079268292682927,0.009146341463414634,0.006097560975609756,0.012195121951219513,0.13871951219512196
501,804,0.06840796019900497,0.0024875621890547263,0.40671641791044777,0.012437810945273632,0.0236318407960199,0.0037313432835820895,0.13681592039800994,0.0845771144278607,0.033582089552238806,0.11194029850746269,0.009950248756218905,0.008706467661691543,0.006218905472636816,0.09079601990049752
502,190,0.005263157894736842,0.005263157894736842,0.47368421052631576,0.005263157894736842,0.031578947368421054,0.005263157894736842,0.05263157894736842,0.11052631578947368,0.08421052631578947,0.1368421052631579,0.0,0.0,0.0,0.08947368421052632
503,1015,0.03940886699507389,0.005911330049261084,0.16354679802955666,0.041379310344827586,0.035467980295566505,0.0,0.034482758620689655,0.15467980295566502,0.09556650246305419,0.2896551724137931,0.012807881773399015,0.0049261083743842365,0.013793103448275862,0.10837438423645321
504,137,0.0,0.021897810218978103,0.49635036496350365,0.014598540145985401,0.0,0.0,0.021897810218978103,0.12408759124087591,0.014598540145985401,0.18248175182481752,0.014598540145985401,0.0,0.0072992700729927005,0.10218978102189781
505,1860,0.04032258064516129,0.01129032258064516,0.20967741935483872,0.027419354838709678,0.04408602150537634,0.016129032258064516,0.05,0.13440860215053763,0.03333333333333333,0.23010752688172043,0.004838709677419355,0.027419354838709678,0.005376344086021506,0.16559139784946236
506,973,0.04316546762589928,0.007194244604316547,0.3669064748201439,0.025693730729701953,0.044193216855087356,0.11819116135662898,0.02158273381294964,0.08016443987667009,0.0328879753340185,0.1079136690647482,0.010277492291880781,0.022610483042137718,0.003083247687564234,0.11613566289825282
507,674,0.03857566765578635,0.00741839762611276,0.23293768545994065,0.025222551928783383,0.026706231454005934,0.005934718100890208,0.02225519287833828,0.14540059347181009,0.04599406528189911,0.271513353115727,0.011869436201780416,0.002967359050445104,0.001483679525222552,0.16172106824925817
508,555,0.05045045045045045,0.0036036036036036037,0.5225225225225225,0.007207207207207207,0.03963963963963964,0.0,0.11171171171171171,0.04864864864864865,0.04684684684684685,0.10270270270270271,0.0036036036036036037,0.012612612612612612,0.016216216216216217,0.03423423423423423
509,943,0.04772004241781548,0.01166489925768823,0.23435843054082714,0.02545068928950159,0.06362672322375397,0.005302226935312832,0.06998939554612937,0.14422057264050903,0.03817603393425239,0.21527041357370094,0.018027571580063628,0.02014846235418876,0.006362672322375398,0.09968186638388123
510,2448,0.05473856209150327,0.013888888888888888,0.14215686274509803,0.042075163398692814,0.056372549019607844,0.007352941176470588,0.017973856209150325,0.19812091503267973,0.03227124183006536,0.20179738562091504,0.008169934640522876,0.03349673202614379,0.0028594771241830064,0.18872549019607843
511,825,0.02666666666666667,0.0036363636363636364,0.29454545454545455,0.02181818181818182,0.059393939393939395,0.0048484848484848485,0.08363636363636363,0.10787878787878788,0.02181818181818182,0.22787878787878788,0.0048484848484848485,0.01090909090909091,0.0036363636363636364,0.12848484848484848
512,826,0.025423728813559324,0.004842615012106538,0.4515738498789346,0.012106537530266344,0.024213075060532687,0.0,0.04116222760290557,0.19491525423728814,0.009685230024213076,0.1343825665859564,0.002421307506053269,0.002421307506053269,0.0012106537530266344,0.09564164648910412
513,162,0.0,0.030864197530864196,0.38271604938271603,0.043209876543209874,0.030864197530864196,0.018518518518518517,0.018518518518518517,0.08641975308641975,0.06172839506172839,0.2222222222222222,0.006172839506172839,0.006172839506172839,0.006172839506172839,0.08641975308641975
514,38,0.0,0.02631578947368421,0.47368421052631576,0.05263157894736842,0.0,0.07894736842105263,0.0,0.10526315789473684,0.0,0.18421052631578946,0.0,0.0,0.0,0.07894736842105263
515,393,0.05597964376590331,0.010178117048346057,0.1806615776081425,0.03816793893129771,0.05343511450381679,0.01272264631043257,0.06615776081424936,0.21374045801526717,0.020356234096692113,0.15267175572519084,0.010178117048346057,0.027989821882951654,0.0,0.15776081424936386
516,171,0.1111111111111111,0.0,0.05263157894736842,0.029239766081871343,0.0935672514619883,0.011695906432748537,0.017543859649122806,0.23391812865497075,0.13450292397660818,0.13450292397660818,0.03508771929824561,0.011695906432748537,0.017543859649122806,0.11695906432748537
517,1189,0.04625735912531539,0.010092514718250631,0.08494533221194281,0.04205214465937763,0.045416316232127836,0.005887300252312868,0.009251471825063078,0.2001682085786375,0.07737594617325484,0.20521446593776282,0.01934398654331371,0.028595458368376788,0.00672834314550042,0.21867115222876365
518,1097,0.049225159525979945,0.010027347310847767,0.07292616226071102,0.05013673655423884,0.03828623518687329,0.004557885141294439,0.03099361896080219,0.16043755697356427,0.0601640838650866,0.24521422060164083,0.020054694621695533,0.014585232452142206,0.0027347310847766638,0.2406563354603464
519,886,0.07674943566591422,0.01805869074492099,0.13769751693002258,0.046275395033860044,0.05417607223476298,0.009029345372460496,0.024830699774266364,0.17155756207674944,0.04401805869074492,0.2200902934537246,0.01580135440180587,0.014672686230248307,0.013544018058690745,0.15349887133182843
520,1377,0.03776325344952796,0.007262164124909223,0.1568627450980392,0.024691358024691357,0.029774872912127815,0.0036310820624546117,0.03413217138707335,0.11692084241103849,0.023238925199709513,0.37981118373275236,0.007262164124909223,0.01815541031227306,0.0036310820624546117,0.1568627450980392
521,1190,0.04285714285714286,0.011764705882352941,0.07058823529411765,0.052941176470588235,0.04453781512605042,0.0067226890756302525,0.031932773109243695,0.21428571428571427,0.06974789915966387,0.23109243697478993,0.020168067226890758,0.0058823529411764705,0.01680672268907563,0.18067226890756302
522,949,0.10432033719704953,0.012644889357218124,0.14857744994731295,0.045310853530031614,0.04952581664910432,0.008429926238145416,0.051633298208640675,0.1559536354056902,0.07165437302423604,0.18545837723919917,0.026343519494204427,0.023182297154899896,0.008429926238145416,0.10853530031612224
523,1052,0.08650190114068441,0.0076045627376425855,0.16254752851711027,0.03612167300380228,0.07034220532319392,0.01806083650190114,0.04277566539923954,0.14258555133079848,0.049429657794676805,0.23574144486692014,0.005703422053231939,0.0076045627376425855,0.0009505703422053232,0.13403041825095058
524,1096,0.03832116788321168,0.009124087591240875,0.22992700729927007,0.07025547445255474,0.032846715328467155,0.005474452554744526,0.05200729927007299,0.11405109489051095,0.025547445255474453,0.2509124087591241,0.005474452554744526,0.01916058394160584,0.004562043795620438,0.14233576642335766
525,1132,0.0803886925795053,0.012367491166077738,0.1413427561837456,0.030035335689045935,0.03975265017667844,0.009717314487632508,0.036219081272084806,0.1431095406360424,0.04770318021201413,0.1881625441696113,0.0176678445229682,0.02120141342756184,0.006183745583038869,0.22614840989399293
526,462,0.0367965367965368,0.0,0.2813852813852814,0.01948051948051948,0.030303030303030304,0.015151515151515152,0.025974025974025976,0.1277056277056277,0.03463203463203463,0.21428571428571427,0.0,0.01948051948051948,0.0021645021645021645,0.19264069264069264
527,3833,0.05870075658752935,0.024523871641012263,0.042003652491521,0.036003130707018,0.03913383772501957,0.0020871380120010435,0.00573962953300287,0.14844769110357423,0.04226454474302113,0.33263762066266633,0.013044612575006522,0.012522828072006262,0.010696582311505349,0.2321941038351161
528,2182,0.06278643446379469,0.01924839596700275,0.05957836846929423,0.04812098991750687,0.043538038496791935,0.0009165902841429881,0.01466544454628781,0.14802933088909256,0.06232813932172319,0.307974335472044,0.01695692025664528,0.021081576535288724,0.011457378551787351,0.18331805682859761
529,3386,0.05109273479031305,0.01683402244536326,0.14412285883047843,0.026284701712935617,0.03662138216184288,0.004134672179562906,0.03750738334317779,0.151801535735381,0.0448907265209687,0.271116361488482,0.017129356172474897,0.009746012994683993,0.006497341996455995,0.1822209096278795
530,2406,0.07938487115544472,0.017456359102244388,0.06151288445552785,0.029925187032418952,0.058187863674147966,0.007065669160432253,0.00914380714879468,0.15004156275976724,0.05029093931837074,0.3183707398171239,0.017456359102244388,0.02535328345802161,0.012053200332502078,0.16375727348295926
531,1896,0.061708860759493674,0.028481012658227847,0.09546413502109705,0.027426160337552744,0.0469409282700422,0.011075949367088608,0.011603375527426161,0.14345991561181434,0.08544303797468354,0.20727848101265822,0.01740506329113924,0.08016877637130802,0.012130801687763712,0.17141350210970463
532,844,0.15995260663507108,0.0071090047393364926,0.13151658767772512,0.034360189573459717,0.061611374407582936,0.011848341232227487,0.015402843601895734,0.12796208530805686,0.07701421800947868,0.11611374407582939,0.022511848341232227,0.09123222748815166,0.030805687203791468,0.11255924170616113
533,1548,0.0962532299741602,0.013565891472868217,0.14276485788113696,0.05232558139534884,0.07364341085271318,0.06718346253229975,0.005813953488372093,0.1124031007751938,0.060077519379844964,0.16795865633074936,0.012919896640826873,0.023255813953488372,0.03229974160206718,0.13953488372093023
534,2117,0.08030231459612659,0.008974964572508267,0.12706660368445913,0.04723665564478035,0.09636277751535191,0.01747756258856873,0.011809163911195087,0.15729806329711857,0.08691544638639584,0.17713745866792632,0.014170996693434105,0.01889466225791214,0.03212092583845064,0.12423240434577232
535,1157,0.09075194468452895,0.014693171996542784,0.10890233362143474,0.036300777873811585,0.07000864304235091,0.08729472774416594,0.019878997407087293,0.12705272255834055,0.0682800345721694,0.19706136560069146,0.014693171996542784,0.03025064822817632,0.00864304235090752,0.12618841832324978
536,3255,0.0740399385560676,0.004301075268817204,0.08172043010752689,0.01935483870967742,0.035944700460829496,0.011367127496159755,0.004915514592933948,0.09185867895545315,0.03840245775729647,0.5216589861751152,0.004608294930875576,0.025499231950844855,0.006758832565284178,0.07956989247311828
537,1641,0.10847044485070079,0.004875076173065204,0.13833028641072517,0.02681291895185862,0.05850091407678245,0.018890920170627667,0.009140767824497258,0.13711151736745886,0.054844606946983544,0.26142595978062155,0.009750152346130409,0.04509445460085314,0.015843997562461912,0.11090798293723339
538,5885,0.04078164825828377,0.02107051826677995,0.07272727272727272,0.020560747663551402,0.038742565845369586,0.017332200509770603,0.0028887000849617673,0.10433305012744265,0.047748513169073914,0.41971112999150384,0.0118946474086661,0.03619371282922685,0.009175870858113848,0.156839422259983
539,5463,0.048691195313930076,0.011166025993044115,0.05784367563609738,0.0404539630239795,0.04173531026908292,0.008420281896393923,0.004393190554640308,0.12191103789126853,0.03990481420464946,0.40508877905912505,0.009335529928610654,0.022149002379644882,0.009701629141497347,0.1792055647080359
540,698,0.06446991404011461,0.008595988538681949,0.12320916905444126,0.04154727793696275,0.03868194842406877,0.0057306590257879654,0.0673352435530086,0.12607449856733524,0.05300859598853868,0.25644699140401145,0.027220630372492838,0.025787965616045846,0.0028653295128939827,0.15902578796561603
541,174,0.017241379310344827,0.017241379310344827,0.22413793103448276,0.017241379310344827,0.017241379310344827,0.04597701149425287,0.034482758620689655,0.10344827586206896,0.09770114942528736,0.14367816091954022,0.022988505747126436,0.0,0.0,0.25862068965517243
542,679,0.08100147275405008,0.010309278350515464,0.16642120765832105,0.027982326951399118,0.047128129602356406,0.005891016200294551,0.029455081001472753,0.1634756995581738,0.0898379970544919,0.18556701030927836,0.023564064801178203,0.017673048600883652,0.0029455081001472753,0.1487481590574374
543,785,0.03821656050955414,0.0012738853503184713,0.3885350318471338,0.008917197452229299,0.035668789808917196,0.003821656050955414,0.08535031847133757,0.10828025477707007,0.050955414012738856,0.1503184713375796,0.003821656050955414,0.017834394904458598,0.007643312101910828,0.09936305732484077
544,614,0.0993485342019544,0.0,0.6140065146579805,0.008143322475570033,0.06188925081433225,0.0,0.013029315960912053,0.035830618892508145,0.048859934853420196,0.021172638436482084,0.008143322475570033,0.003257328990228013,0.014657980456026058,0.07166123778501629
545,1104,0.08695652173913043,0.018115942028985508,0.2726449275362319,0.01358695652173913,0.04800724637681159,0.005434782608695652,0.03351449275362319,0.10960144927536232,0.04800724637681159,0.10235507246376811,0.008152173913043478,0.05344202898550725,0.008152173913043478,0.19202898550724637
546,379,0.026385224274406333,0.0158311345646438,0.3720316622691293,0.0158311345646438,0.026385224274406333,0.0079155672823219,0.044854881266490766,0.10817941952506596,0.036939313984168866,0.1741424802110818,0.005277044854881266,0.0158311345646438,0.005277044854881266,0.14511873350923482
547,1557,0.03018625561978163,0.012202954399486191,0.10276172125883108,0.05138086062941554,0.0224791265253693,0.005138086062941554,0.028901734104046242,0.13680154142581888,0.03789338471419396,0.34617854849068724,0.006422607578676943,0.0224791265253693,0.007064868336544637,0.1901091843288375
548,530,0.03773584905660377,0.007547169811320755,0.33962264150943394,0.005660377358490566,0.020754716981132074,0.0037735849056603774,0.0660377358490566,0.1320754716981132,0.02830188679245283,0.21132075471698114,0.0037735849056603774,0.009433962264150943,0.009433962264150943,0.12452830188679245
549,3032,0.02836411609498681,0.011873350923482849,0.17348284960422164,0.036279683377308705,0.026385224274406333,0.002308707124010554,0.021767810026385226,0.17282321899736147,0.029683377308707123,0.28298153034300794,0.00395778364116095,0.029023746701846966,0.004287598944591029,0.17678100263852242
550,2071,0.024142926122646065,0.00772573635924674,0.11974891356832448,0.04104297440849831,0.049734427812650896,0.01158860453887011,0.035248672139063256,0.16706904876871076,0.03476581361661033,0.21873491067117334,0.004828585224529213,0.0637373249637856,0.0028971511347175277,0.21873491067117334
551,384,0.0390625,0.020833333333333332,0.3958333333333333,0.015625,0.052083333333333336,0.010416666666666666,0.10416666666666667,0.08854166666666667,0.026041666666666668,0.13802083333333334,0.005208333333333333,0.018229166666666668,0.005208333333333333,0.08072916666666667
552,1044,0.033524904214559385,0.006704980842911878,0.25,0.019157088122605363,0.02586206896551724,0.006704980842911878,0.10919540229885058,0.18199233716475097,0.016283524904214558,0.18295019157088122,0.0028735632183908046,0.02586206896551724,0.0028735632183908046,0.1360153256704981
553,418,0.014354066985645933,0.0023923444976076554,0.3014354066985646,0.02631578947368421,0.014354066985645933,0.009569377990430622,0.17942583732057416,0.18660287081339713,0.009569377990430622,0.12679425837320574,0.004784688995215311,0.011961722488038277,0.0023923444976076554,0.11004784688995216
554,967,0.008273009307135471,0.0062047569803516025,0.31437435367114785,0.025853154084798345,0.02171664943123061,0.002068252326783868,0.08686659772492245,0.09824198552223372,0.023784901758014478,0.28645294725956566,0.0031023784901758012,0.015511892450879007,0.004136504653567736,0.10341261633919338
555,1308,0.058868501529051986,0.0061162079510703364,0.10932721712538226,0.02981651376146789,0.11238532110091744,0.0030581039755351682,0.11773700305810397,0.14143730886850153,0.07339449541284404,0.14755351681957188,0.017584097859327217,0.05122324159021407,0.0030581039755351682,0.12844036697247707
556,736,0.10326086956521739,0.009510869565217392,0.25407608695652173,0.009510869565217392,0.04076086956521739,0.006793478260869565,0.025815217391304348,0.06114130434782609,0.07336956521739131,0.30027173913043476,0.012228260869565218,0.009510869565217392,0.008152173913043478,0.08559782608695653
557,3070,0.06188925081433225,0.016938110749185668,0.20716612377850163,0.03224755700325733,0.028664495114006514,0.004560260586319218,0.016938110749185668,0.09641693811074918,0.04104234527687296,0.20358306188925082,0.018892508143322474,0.011400651465798045,0.08827361563517916,0.1719869706840391
558,1107,0.07497741644083107,0.009033423667570008,0.0984643179765131,0.01084010840108401,0.1102077687443541,0.011743450767841012,0.008130081300813009,0.08852755194218609,0.4164408310749774,0.04155374887082204,0.026196928635953028,0.02077687443541102,0.0009033423667570009,0.08220415537488708
559,2123,0.06500235515779557,0.00800753650494583,0.15261422515308526,0.027319830428638718,0.03203014601978332,0.012246820536975978,0.045219029674988226,0.12058407913330194,0.09138012246820537,0.18134715025906736,0.012717852096090438,0.016486104569006125,0.004239284032030146,0.23080546396608573
560,410,0.07560975609756097,0.0024390243902439024,0.13658536585365855,0.036585365853658534,0.08048780487804878,0.004878048780487805,0.024390243902439025,0.1048780487804878,0.1951219512195122,0.13170731707317074,0.08048780487804878,0.004878048780487805,0.01951219512195122,0.1024390243902439
561,656,0.08536585365853659,0.007621951219512195,0.11585365853658537,0.036585365853658534,0.0899390243902439,0.021341463414634148,0.01676829268292683,0.12652439024390244,0.19054878048780488,0.13871951219512196,0.019817073170731708,0.010670731707317074,0.013719512195121951,0.12652439024390244
562,742,0.0444743935309973,0.008086253369272238,0.14016172506738545,0.03908355795148248,0.03099730458221024,0.01078167115902965,0.04582210242587601,0.1752021563342318,0.03773584905660377,0.19811320754716982,0.01752021563342318,0.0215633423180593,0.0026954177897574125,0.22776280323450135
563,768,0.057291666666666664,0.010416666666666666,0.203125,0.029947916666666668,0.06510416666666667,0.00390625,0.07942708333333333,0.11458333333333333,0.05859375,0.16796875,0.01171875,0.015625,0.006510416666666667,0.17578125
564,1767,0.05998868138087153,0.011884550084889643,0.0899830220713073,0.04980192416525184,0.05319750990379174,0.0028296547821165816,0.06621392190152801,0.19298245614035087,0.06112054329371817,0.17487266553480477,0.011884550084889643,0.027730616864742503,0.007357102433503113,0.19015280135823429
565,2118,0.06987724268177525,0.012275731822474031,0.14022662889518414,0.023135033050047216,0.03588290840415486,0.003777148253068933,0.07365439093484419,0.14258734655335223,0.06657223796033994,0.14966949952785646,0.012275731822474031,0.04343720491029273,0.003777148253068933,0.22285174693106705
566,3395,0.048600883652430045,0.005596465390279823,0.10633284241531664,0.05390279823269514,0.035346097201767304,0.0017673048600883653,0.03917525773195876,0.13578792341678939,0.04506627393225331,0.29131075110456556,0.008541973490427098,0.04182621502209131,0.006185567010309278,0.18055964653902798
567,1256,0.030254777070063694,0.01592356687898089,0.03503184713375796,0.030254777070063694,0.03184713375796178,0.024681528662420384,0.016719745222929936,0.16321656050955413,0.04060509554140127,0.35111464968152867,0.02308917197452229,0.028662420382165606,0.0007961783439490446,0.20780254777070065
568,4274,0.08001871782873186,0.008189050070191857,0.1279831539541413,0.03766963032288254,0.04796443612540945,0.014272344408048667,0.0542817033224146,0.1539541413196069,0.04609265325222274,0.29714553111839026,0.005615348619560131,0.009358914365933552,0.00772110435189518,0.10973327094057089
569,141,0.0425531914893617,0.0070921985815602835,0.4397163120567376,0.02127659574468085,0.10638297872340426,0.014184397163120567,0.02127659574468085,0.06382978723404255,0.03546099290780142,0.11347517730496454,0.0,0.0,0.0,0.1347517730496454
570,323,0.01238390092879257,0.018575851393188854,0.21671826625386997,0.034055727554179564,0.02786377708978328,0.009287925696594427,0.1021671826625387,0.12074303405572756,0.07739938080495357,0.21362229102167182,0.009287925696594427,0.01238390092879257,0.0030959752321981426,0.14241486068111456
571,229,0.013100436681222707,0.004366812227074236,0.3056768558951965,0.013100436681222707,0.013100436681222707,0.013100436681222707,0.11790393013100436,0.056768558951965066,0.043668122270742356,0.3624454148471616,0.0,0.0,0.0,0.056768558951965066
572,118,0.0,0.05084745762711865,0.23728813559322035,0.025423728813559324,0.00847457627118644,0.059322033898305086,0.03389830508474576,0.07627118644067797,0.11016949152542373,0.2457627118644068,0.00847457627118644,0.00847457627118644,0.00847457627118644,0.1271186440677966
573,210,0.04285714285714286,0.004761904761904762,0.47619047619047616,0.03333333333333333,0.07142857142857142,0.0,0.01904761904761905,0.06666666666666667,0.06190476190476191,0.06190476190476191,0.009523809523809525,0.014285714285714285,0.004761904761904762,0.13333333333333333
574,362,0.016574585635359115,0.019337016574585635,0.15469613259668508,0.019337016574585635,0.04696132596685083,0.013812154696132596,0.03591160220994475,0.09392265193370165,0.08839779005524862,0.06629834254143646,0.022099447513812154,0.15469613259668508,0.0,0.26795580110497236
575,556,0.04316546762589928,0.007194244604316547,0.07194244604316546,0.048561151079136694,0.025179856115107913,0.0017985611510791368,0.11330935251798561,0.17805755395683454,0.07733812949640288,0.22841726618705036,0.01618705035971223,0.025179856115107913,0.01079136690647482,0.1528776978417266
576,1905,0.024671916010498687,0.0031496062992125984,0.24986876640419947,0.02099737532808399,0.032020997375328084,0.0031496062992125984,0.03569553805774278,0.13595800524934384,0.04251968503937008,0.25144356955380576,0.008923884514435695,0.04199475065616798,0.005774278215223097,0.14383202099737533
577,625,0.008,0.0048,0.296,0.016,0.016,0.008,0.0592,0.0992,0.0464,0.3088,0.0048,0.0416,0.0048,0.0864
578,439,0.025056947608200455,0.009111617312072893,0.0683371298405467,0.05239179954441914,0.03416856492027335,0.002277904328018223,0.029612756264236904,0.2072892938496583,0.07972665148063782,0.1776765375854214,0.015945330296127564,0.04328018223234624,0.004555808656036446,0.2505694760820046
579,1011,0.005934718100890208,0.002967359050445104,0.13056379821958458,0.01483679525222552,0.018793273986152326,0.0,0.49653808110781406,0.09099901088031652,0.008902077151335312,0.11770524233432245,0.0009891196834817012,0.00791295746785361,0.0019782393669634025,0.10187932739861523
580,113,0.017699115044247787,0.0,0.39823008849557523,0.02654867256637168,0.035398230088495575,0.008849557522123894,0.10619469026548672,0.07964601769911504,0.05309734513274336,0.1592920353982301,0.008849557522123894,0.0,0.017699115044247787,0.08849557522123894
581,88,0.011363636363636364,0.056818181818181816,0.4431818181818182,0.011363636363636364,0.022727272727272728,0.03409090909090909,0.06818181818181818,0.03409090909090909,0.06818181818181818,0.11363636363636363,0.011363636363636364,0.011363636363636364,0.0,0.11363636363636363
582,148,0.006756756756756757,0.04054054054054054,0.30405405405405406,0.033783783783783786,0.02027027027027027,0.02702702702702703,0.07432432432432433,0.10135135135135136,0.04054054054054054,0.20945945945945946,0.006756756756756757,0.0,0.0,0.13513513513513514
583,21,0.0,0.09523809523809523,0.6666666666666666,0.0,0.0,0.0,0.0,0.047619047619047616,0.047619047619047616,0.09523809523809523,0.0,0.0,0.0,0.047619047619047616
584,143,0.0,0.04895104895104895,0.4965034965034965,0.013986013986013986,0.02097902097902098,0.006993006993006993,0.027972027972027972,0.027972027972027972,0.09090909090909091,0.1048951048951049,0.027972027972027972,0.0,0.0,0.13286713286713286
585,876,0.045662100456621,0.0091324200913242,0.2705479452054795,0.0319634703196347,0.0365296803652968,0.00228310502283105,0.08105022831050228,0.13812785388127855,0.03424657534246575,0.1495433789954338,0.014840182648401826,0.010273972602739725,0.007990867579908675,0.1678082191780822
586,77,0.0,0.025974025974025976,0.5454545454545454,0.025974025974025976,0.025974025974025976,0.07792207792207792,0.0,0.03896103896103896,0.06493506493506493,0.09090909090909091,0.012987012987012988,0.0,0.0,0.09090909090909091
587,1026,0.05263157894736842,0.007797270955165692,0.12378167641325535,0.024366471734892786,0.02729044834307992,0.00682261208576998,0.1608187134502924,0.15107212475633527,0.037037037037037035,0.2202729044834308,0.012670565302144249,0.01364522417153996,0.009746588693957114,0.15204678362573099
588,731,0.04240766073871409,0.013679890560875513,0.11354309165526676,0.0506155950752394,0.0506155950752394,0.006839945280437756,0.05198358413132695,0.19288645690834474,0.07660738714090287,0.19699042407660738,0.019151846785225718,0.006839945280437756,0.004103967168262654,0.17373461012311903
589,489,0.07975460122699386,0.006134969325153374,0.1165644171779141,0.049079754601226995,0.022494887525562373,0.014314928425357873,0.08793456032719836,0.13496932515337423,0.044989775051124746,0.20245398773006135,0.0,0.014314928425357873,0.016359918200409,0.21063394683026584
590,232,0.03879310344827586,0.01293103448275862,0.4353448275862069,0.008620689655172414,0.034482758620689655,0.04310344827586207,0.03879310344827586,0.15086206896551724,0.01293103448275862,0.08620689655172414,0.01293103448275862,0.008620689655172414,0.008620689655172414,0.10775862068965517
591,284,0.007042253521126761,0.01056338028169014,0.2605633802816901,0.03169014084507042,0.02464788732394366,0.03873239436619718,0.02464788732394366,0.1267605633802817,0.056338028169014086,0.2147887323943662,0.02464788732394366,0.0035211267605633804,0.007042253521126761,0.16901408450704225
592,578,0.02422145328719723,0.00865051903114187,0.3875432525951557,0.04498269896193772,0.031141868512110725,0.015570934256055362,0.02768166089965398,0.12802768166089964,0.02422145328719723,0.12629757785467127,0.0,0.02422145328719723,0.0017301038062283738,0.15570934256055363
593,321,0.07476635514018691,0.009345794392523364,0.102803738317757,0.04361370716510903,0.0529595015576324,0.006230529595015576,0.056074766355140186,0.16822429906542055,0.09345794392523364,0.2087227414330218,0.006230529595015576,0.01557632398753894,0.006230529595015576,0.1557632398753894
594,494,0.05263157894736842,0.008097165991902834,0.15991902834008098,0.038461538461538464,0.044534412955465584,0.008097165991902834,0.048582995951417005,0.16194331983805668,0.11336032388663968,0.16194331983805668,0.02631578947368421,0.010121457489878543,0.0020242914979757085,0.16396761133603238
595,596,0.01174496644295302,0.006711409395973154,0.34731543624161076,0.03523489932885906,0.015100671140939598,0.0016778523489932886,0.05704697986577181,0.1342281879194631,0.015100671140939598,0.12248322147651007,0.003355704697986577,0.020134228187919462,0.0,0.22986577181208054
596,381,0.026246719160104987,0.007874015748031496,0.24671916010498687,0.05249343832020997,0.02099737532808399,0.005249343832020997,0.015748031496062992,0.13385826771653545,0.05249343832020997,0.23622047244094488,0.026246719160104987,0.0026246719160104987,0.0,0.1732283464566929
597,1023,0.013685239491691105,0.004887585532746823,0.2903225806451613,0.028347996089931573,0.026392961876832845,0.0009775171065493646,0.09872922776148582,0.10654936461388075,0.016617790811339198,0.21505376344086022,0.0019550342130987292,0.019550342130987292,0.0019550342130987292,0.17497556207233628
598,425,0.05647058823529412,0.01411764705882353,0.27058823529411763,0.042352941176470586,0.05411764705882353,0.0,0.02588235294117647,0.10588235294117647,0.05176470588235294,0.11529411764705882,0.004705882352941176,0.01411764705882353,0.002352941176470588,0.24235294117647058
599,1151,0.016507384882710686,0.0069504778453518675,0.21720243266724587,0.03301476976542137,0.019113814074717638,0.0008688097306689834,0.06168549087749783,0.15464813205907907,0.03388357949609035,0.2536924413553432,0.005212858384013901,0.019113814074717638,0.004344048653344918,0.1737619461337967
600,87,0.034482758620689655,0.011494252873563218,0.5172413793103449,0.0,0.011494252873563218,0.04597701149425287,0.022988505747126436,0.022988505747126436,0.04597701149425287,0.13793103448275862,0.05747126436781609,0.0,0.0,0.09195402298850575
601,192,0.015625,0.015625,0.4895833333333333,0.026041666666666668,0.020833333333333332,0.005208333333333333,0.07291666666666667,0.046875,0.036458333333333336,0.11458333333333333,0.010416666666666666,0.015625,0.005208333333333333,0.125
602,150,0.013333333333333334,0.04,0.4533333333333333,0.0,0.04,0.0,0.006666666666666667,0.13333333333333333,0.04,0.10666666666666667,0.013333333333333334,0.013333333333333334,0.006666666666666667,0.13333333333333333
603,124,0.04032258064516129,0.008064516129032258,0.3548387096774194,0.03225806451612903,0.008064516129032258,0.016129032258064516,0.03225806451612903,0.06451612903225806,0.06451612903225806,0.20967741935483872,0.0,0.0,0.016129032258064516,0.1532258064516129
604,223,0.008968609865470852,0.013452914798206279,0.4484304932735426,0.017937219730941704,0.04035874439461883,0.013452914798206279,0.07623318385650224,0.08071748878923767,0.04932735426008968,0.17937219730941703,0.0,0.0,0.004484304932735426,0.06726457399103139
605,99,0.0707070707070707,0.09090909090909091,0.3939393939393939,0.010101010101010102,0.030303030303030304,0.020202020202020204,0.0,0.050505050505050504,0.050505050505050504,0.04040404040404041,0.1111111111111111,0.010101010101010102,0.020202020202020204,0.10101010101010101
606,443,0.02708803611738149,0.01580135440180587,0.3431151241534989,0.02708803611738149,0.022573363431151242,0.006772009029345372,0.03611738148984198,0.13318284424379231,0.05191873589164785,0.17155756207674944,0.006772009029345372,0.006772009029345372,0.006772009029345372,0.14446952595936793
607,106,0.02830188679245283,0.009433962264150943,0.3018867924528302,0.02830188679245283,0.018867924528301886,0.0,0.10377358490566038,0.12264150943396226,0.03773584905660377,0.14150943396226415,0.0,0.0,0.009433962264150943,0.19811320754716982
608,994,0.025150905432595575,0.006036217303822937,0.09356136820925554,0.052313883299798795,0.03118712273641851,0.004024144869215292,0.018108651911468814,0.14084507042253522,0.052313883299798795,0.3551307847082495,0.009054325955734407,0.01710261569416499,0.01006036217303823,0.1851106639839034
609,641,0.0436817472698908,0.0124804992199688,0.15132605304212168,0.0343213728549142,0.0358814352574103,0.0062402496099844,0.031201248049921998,0.1606864274570983,0.0514820592823713,0.22464898595943839,0.0046801872074883,0.0405616224648986,0.0093603744149766,0.1934477379095164
610,2467,0.060802594244021076,0.008512363194162952,0.19943250912038912,0.040535062829347386,0.04864207539521686,0.002837454398054317,0.015403323875152006,0.14835832995541143,0.062423996757194976,0.18929874341305228,0.012971220105391163,0.03161734900689096,0.008917713822456425,0.17024726388325903
611,3074,0.03741054001301236,0.012687052700065062,0.12426805465191933,0.034157449577098244,0.054001301236174366,0.006180871828236825,0.02797657774886142,0.14085881587508134,0.04521795705920625,0.2003903708523097,0.012687052700065062,0.034157449577098244,0.007807417046193884,0.26219908913467793
612,313,0.07348242811501597,0.003194888178913738,0.13738019169329074,0.019169329073482427,0.04792332268370607,0.003194888178913738,0.134185303514377,0.13738019169329074,0.04472843450479233,0.25559105431309903,0.022364217252396165,0.003194888178913738,0.009584664536741214,0.10862619808306709
613,2964,0.03137651821862348,0.008771929824561403,0.10863697705802969,0.03643724696356275,0.04723346828609987,0.006747638326585695,0.016194331983805668,0.1612685560053981,0.030364372469635626,0.3252361673414305,0.006747638326585695,0.02260458839406208,0.0033738191632928477,0.1950067476383266
614,3278,0.050335570469798654,0.010982306284319707,0.13727882855399634,0.0424039048200122,0.042098840756558877,0.003965832824893227,0.016778523489932886,0.15985356924954242,0.04148871262965223,0.21384990848078098,0.005491153142159854,0.02593044539353264,0.00823672971323978,0.24130567419158022
615,897,0.0713489409141583,0.022296544035674472,0.13043478260869565,0.014492753623188406,0.024526198439241916,0.0033444816053511705,0.046822742474916385,0.07357859531772576,0.05239687848383501,0.36677814938684505,0.06020066889632107,0.013377926421404682,0.004459308807134894,0.11594202898550725
616,27,0.037037037037037035,0.037037037037037035,0.1111111111111111,0.037037037037037035,0.037037037037037035,0.14814814814814814,0.0,0.0,0.18518518518518517,0.25925925925925924,0.0,0.037037037037037035,0.037037037037037035,0.07407407407407407
617,1023,0.01270772238514174,0.007820136852394917,0.06744868035190615,0.02932551319648094,0.020527859237536656,0.002932551319648094,0.06158357771260997,0.1378299120234604,0.039100684261974585,0.4340175953079179,0.009775171065493646,0.006842619745845552,0.008797653958944282,0.16129032258064516
618,97,0.0,0.010309278350515464,0.4639175257731959,0.010309278350515464,0.010309278350515464,0.020618556701030927,0.05154639175257732,0.10309278350515463,0.041237113402061855,0.1958762886597938,0.010309278350515464,0.0,0.0,0.08247422680412371
619,637,0.01726844583987441,0.006279434850863423,0.10361067503924647,0.06279434850863422,0.0141287284144427,0.0141287284144427,0.015698587127158554,0.1130298273155416,0.06907378335949764,0.3893249607535322,0.0141287284144427,0.01098901098901099,0.006279434850863423,0.16326530612244897
620,405,0.0049382716049382715,0.0049382716049382715,0.2716049382716049,0.024691358024691357,0.027160493827160494,0.0024691358024691358,0.06419753086419754,0.145679012345679,0.0345679012345679,0.254320987654321,0.0024691358024691358,0.01728395061728395,0.007407407407407408,0.1382716049382716
621,1227,0.019559902200488997,0.013039934800325998,0.1752241238793806,0.05052974735126324,0.019559902200488997,0.0057049714751426246,0.013039934800325998,0.14506927465362673,0.030969845150774247,0.3023634881825591,0.010594947025264874,0.03504482477587612,0.0057049714751426246,0.17359413202933985
622,975,0.04205128205128205,0.013333333333333334,0.06871794871794872,0.03794871794871795,0.035897435897435895,0.0010256410256410256,0.028717948717948718,0.15384615384615385,0.06769230769230769,0.29025641025641025,0.017435897435897435,0.03794871794871795,0.005128205128205128,0.2
623,2946,0.024439918533604887,0.02172437202987101,0.07773251866938222,0.04989816700610998,0.02376103190767142,0.0050916496945010185,0.019687712152070606,0.13068567549219282,0.0274949083503055,0.4035980991174474,0.006449422946367957,0.04276985743380855,0.00373387644263408,0.1629327902240326
624,1038,0.016377649325626204,0.007707129094412331,0.18786127167630057,0.024084778420038536,0.030828516377649325,0.011560693641618497,0.04335260115606936,0.10308285163776493,0.023121387283236993,0.4007707129094412,0.005780346820809248,0.014450867052023121,0.0038535645472061657,0.12716763005780346
625,2162,0.04301572617946346,0.024051803885291396,0.14893617021276595,0.03515263644773358,0.03515263644773358,0.00046253469010175765,0.03700277520814061,0.13089731729879742,0.02358926919518964,0.2506938020351526,0.0074005550416281225,0.057816836262719704,0.013876040703052728,0.19195189639222943
626,559,0.059033989266547404,0.01073345259391771,0.16636851520572452,0.028622540250447227,0.03577817531305903,0.0017889087656529517,0.24150268336314848,0.14311270125223613,0.03756708407871199,0.17173524150268335,0.02146690518783542,0.012522361359570662,0.017889087656529516,0.0518783542039356
627,816,0.023284313725490197,0.003676470588235294,0.17647058823529413,0.04044117647058824,0.0196078431372549,0.0012254901960784314,0.06985294117647059,0.15808823529411764,0.061274509803921566,0.28308823529411764,0.015931372549019607,0.028186274509803922,0.014705882352941176,0.10416666666666667
628,212,0.06132075471698113,0.014150943396226415,0.009433962264150943,0.09905660377358491,0.03773584905660377,0.0047169811320754715,0.018867924528301886,0.20754716981132076,0.09905660377358491,0.2641509433962264,0.018867924528301886,0.0047169811320754715,0.009433962264150943,0.1509433962264151
629,129,0.031007751937984496,0.007751937984496124,0.10852713178294573,0.023255813953488372,0.015503875968992248,0.023255813953488372,0.015503875968992248,0.031007751937984496,0.1937984496124031,0.06201550387596899,0.046511627906976744,0.007751937984496124,0.007751937984496124,0.4263565891472868
630,149,0.013422818791946308,0.006711409395973154,0.08053691275167785,0.040268456375838924,0.040268456375838924,0.03355704697986577,0.026845637583892617,0.12751677852348994,0.06040268456375839,0.1342281879194631,0.03355704697986577,0.03355704697986577,0.0,0.3691275167785235
631,33,0.0,0.09090909090909091,0.18181818181818182,0.0,0.030303030303030304,0.0,0.0,0.030303030303030304,0.06060606060606061,0.06060606060606061,0.09090909090909091,0.030303030303030304,0.0,0.42424242424242425
632,500,0.028,0.01,0.104,0.04,0.014,0.016,0.036,0.152,0.058,0.332,0.008,0.02,0.008,0.174
633,31,0.06451612903225806,0.0,0.3225806451612903,0.06451612903225806,0.22580645161290322,0.0,0.0,0.0967741935483871,0.12903225806451613,0.0,0.0,0.03225806451612903,0.0,0.06451612903225806
634,105,0.09523809523809523,0.009523809523809525,0.18095238095238095,0.08571428571428572,0.01904761904761905,0.01904761904761905,0.08571428571428572,0.1523809523809524,0.0380952380952381,0.22857142857142856,0.01904761904761905,0.0,0.009523809523809525,0.05714285714285714
635,120,0.008333333333333333,0.041666666666666664,0.3416666666666667,0.016666666666666666,0.041666666666666664,0.0,0.09166666666666666,0.09166666666666666,0.08333333333333333,0.175,0.016666666666666666,0.008333333333333333,0.0,0.08333333333333333
636,58,0.0,0.10344827586206896,0.29310344827586204,0.034482758620689655,0.0,0.06896551724137931,0.017241379310344827,0.10344827586206896,0.034482758620689655,0.13793103448275862,0.0,0.0,0.0,0.20689655172413793
637,171,0.029239766081871343,0.017543859649122806,0.24561403508771928,0.011695906432748537,0.023391812865497075,0.029239766081871343,0.07017543859649122,0.14035087719298245,0.017543859649122806,0.26900584795321636,0.023391812865497075,0.0,0.0,0.12280701754385964
638,26,0.038461538461538464,0.0,0.3076923076923077,0.038461538461538464,0.0,0.07692307692307693,0.07692307692307693,0.07692307692307693,0.11538461538461539,0.11538461538461539,0.0,0.0,0.0,0.15384615384615385
639,1980,0.0893939393939394,0.005050505050505051,0.07424242424242425,0.051515151515151514,0.025757575757575757,0.0035353535353535356,0.013636363636363636,0.18131313131313131,0.04696969696969697,0.30757575757575756,0.006060606060606061,0.008585858585858586,0.022222222222222223,0.16414141414141414
640,1986,0.042799597180261835,0.00906344410876133,0.051863041289023165,0.039778449144008056,0.028197381671701913,0.0030211480362537764,0.010574018126888218,0.15911379657603222,0.04833836858006042,0.3997985901309164,0.0055387713997985906,0.008559919436052367,0.011581067472306143,0.18177240684793555
641,526,0.060836501901140684,0.011406844106463879,0.11216730038022814,0.04182509505703422,0.030418250950570342,0.0038022813688212928,0.07034220532319392,0.08745247148288973,0.03612167300380228,0.40874524714828897,0.0,0.017110266159695818,0.0038022813688212928,0.11596958174904944
642,38,0.0,0.13157894736842105,0.34210526315789475,0.02631578947368421,0.02631578947368421,0.02631578947368421,0.02631578947368421,0.07894736842105263,0.05263157894736842,0.07894736842105263,0.0,0.05263157894736842,0.02631578947368421,0.13157894736842105
643,252,0.047619047619047616,0.01984126984126984,0.4246031746031746,0.003968253968253968,0.03968253968253968,0.015873015873015872,0.031746031746031744,0.06349206349206349,0.031746031746031744,0.1349206349206349,0.015873015873015872,0.015873015873015872,0.0,0.15476190476190477
644,714,0.06722689075630252,0.014005602240896359,0.13165266106442577,0.047619047619047616,0.058823529411764705,0.0,0.0350140056022409,0.1400560224089636,0.11624649859943978,0.1400560224089636,0.036414565826330535,0.058823529411764705,0.022408963585434174,0.13165266106442577
645,1571,0.04010184595798854,0.008911521323997454,0.0967536600891152,0.046467218332272436,0.033099936346276254,0.008274984086569064,0.03946530872056015,0.15531508593252705,0.056651814131126674,0.22851686823679185,0.010821133036282623,0.03564608529598982,0.008911521323997454,0.2310630171865054
646,736,0.059782608695652176,0.008152173913043478,0.19293478260869565,0.035326086956521736,0.051630434782608696,0.029891304347826088,0.050271739130434784,0.14945652173913043,0.07472826086956522,0.1331521739130435,0.021739130434782608,0.04891304347826087,0.001358695652173913,0.14266304347826086
647,573,0.08027923211169284,0.005235602094240838,0.2862129144851658,0.02617801047120419,0.055846422338568937,0.0017452006980802793,0.08376963350785341,0.1273996509598604,0.0506108202443281,0.1169284467713787,0.017452006980802792,0.012216404886561954,0.006980802792321117,0.12914485165794065
648,1574,0.03748411689961881,0.010165184243964422,0.11435832274459974,0.02986022871664549,0.03875476493011436,0.0038119440914866584,0.012706480304955527,0.13850063532401524,0.03811944091486658,0.15692503176620076,0.010800508259212199,0.19123252858958067,0.005717916137229987,0.21156289707750953
649,926,0.07451403887688984,0.09071274298056156,0.08531317494600432,0.016198704103671708,0.024838012958963283,0.09827213822894168,0.0064794816414686825,0.132829373650108,0.019438444924406047,0.07667386609071274,0.047516198704103674,0.15334773218142547,0.0064794816414686825,0.1673866090712743
650,1050,0.05619047619047619,0.012380952380952381,0.10095238095238095,0.05142857142857143,0.03428571428571429,0.0009523809523809524,0.018095238095238095,0.17523809523809525,0.07142857142857142,0.29714285714285715,0.01619047619047619,0.006666666666666667,0.006666666666666667,0.1523809523809524
651,1335,0.052434456928838954,0.020224719101123594,0.05692883895131086,0.051685393258426963,0.02397003745318352,0.003745318352059925,0.020973782771535582,0.18651685393258427,0.0898876404494382,0.24794007490636705,0.02846441947565543,0.01647940074906367,0.01198501872659176,0.18876404494382024
652,2668,0.04460269865067466,0.012368815592203899,0.0472263868065967,0.03935532233883059,0.0341079460269865,0.002623688155922039,0.005997001499250375,0.15854572713643178,0.06709145427286357,0.39655172413793105,0.008995502248875561,0.012743628185907047,0.010494752623688156,0.15929535232383807
653,876,0.03995433789954338,0.014840182648401826,0.271689497716895,0.00684931506849315,0.0365296803652968,0.00228310502283105,0.06621004566210045,0.1050228310502283,0.014840182648401826,0.21575342465753425,0.010273972602739725,0.012557077625570776,0.00684931506849315,0.1963470319634703
654,1809,0.037037037037037035,0.009950248756218905,0.09065782200110559,0.04422332780541736,0.027639579878385848,0.000552791597567717,0.01990049751243781,0.18629076838032063,0.04754007739082366,0.3150912106135987,0.010503040353786623,0.003869541182974019,0.009950248756218905,0.19679380873410723
655,2250,0.04666666666666667,0.012,0.06622222222222222,0.042666666666666665,0.06222222222222222,0.0026666666666666666,0.013777777777777778,0.16622222222222222,0.060444444444444446,0.328,0.010666666666666666,0.027555555555555555,0.008888888888888889,0.152
656,1849,0.05029745808545159,0.009194159004867496,0.1233098972417523,0.029745808545159545,0.02704164413196322,0.007030827474310438,0.04056246619794483,0.14818820984315847,0.047593293672255274,0.31151974040021635,0.008112493239588967,0.016224986479177934,0.007030827474310438,0.17414818820984315
657,1379,0.043509789702683106,0.011602610587382161,0.17766497461928935,0.024655547498187092,0.043509789702683106,0.002175489485134155,0.03915881073241479,0.15881073241479332,0.05293691080493111,0.1696881798404641,0.018129079042784626,0.03625815808556925,0.005076142131979695,0.21682378535170413
658,926,0.019438444924406047,0.014038876889848811,0.20086393088552915,0.026997840172786176,0.032397408207343416,0.0021598272138228943,0.029157667386609073,0.16414686825053995,0.04967602591792657,0.27429805615550756,0.01079913606911447,0.0183585313174946,0.0010799136069114472,0.15658747300215983
659,3173,0.05893476205483769,0.010400252127324299,0.15631894106523794,0.039079735266309486,0.03718878033406871,0.0012606366214938543,0.030885597226599434,0.13142136779073432,0.04097069019855027,0.2833280806807438,0.009454774661203908,0.017964071856287425,0.006618342262842736,0.17617396785376616
660,2623,0.04803659931376287,0.0057186427754479605,0.15859702630575676,0.030499428135722456,0.020587113991612657,0.022874571101791842,0.03240564239420511,0.1601219977125429,0.03774304231795654,0.3130003812428517,0.01067479984750286,0.013343499809378575,0.0057186427754479605,0.14067861227601983
661,2686,0.04802680565897245,0.012658227848101266,0.10498883097542815,0.02680565897244974,0.025688756515264335,0.009307520476545048,0.03276247207743857,0.10722263588979895,0.03350707371556218,0.4441548771407297,0.0052122114668652275,0.017498138495904692,0.006329113924050633,0.12583767684288905
662,1141,0.049079754601226995,0.0017528483786152498,0.11831726555652936,0.018404907975460124,0.02366345311130587,0.0052585451358457495,0.08238387379491674,0.23751095530236635,0.018404907975460124,0.3032427695004382,0.0043821209465381246,0.014899211218229623,0.0035056967572304996,0.11919368974583698
663,1932,0.025362318840579712,0.008799171842650104,0.12474120082815734,0.03467908902691511,0.038302277432712216,0.013975155279503106,0.019151138716356108,0.17805383022774326,0.028467908902691512,0.27380952380952384,0.0036231884057971015,0.03674948240165631,0.0015527950310559005,0.2127329192546584
664,1017,0.043264503441494594,0.0029498525073746312,0.11209439528023599,0.007866273352999017,0.01966568338249754,0.004916420845624385,0.11012782694198624,0.2536873156342183,0.011799410029498525,0.34316617502458213,0.0029498525073746312,0.012782694198623401,0.0029498525073746312,0.07177974434611603
665,2253,0.05015534842432313,0.010208610741233911,0.15756768752774078,0.03195739014647137,0.023968042609853527,0.005770084332001775,0.015090989791389259,0.16600088770528185,0.02663115845539281,0.3271193963604083,0.006657789613848202,0.018197958277851752,0.005326231691078562,0.15534842432312473
666,1875,0.03306666666666667,0.0096,0.16106666666666666,0.03573333333333333,0.03306666666666667,0.010666666666666666,0.0384,0.19093333333333334,0.032,0.23733333333333334,0.005333333333333333,0.026133333333333335,0.0032,0.18346666666666667
667,2720,0.03235294117647059,0.011029411764705883,0.18970588235294117,0.026470588235294117,0.045588235294117645,0.008823529411764706,0.020588235294117647,0.15735294117647058,0.019852941176470587,0.3110294117647059,0.001838235294117647,0.01875,0.0022058823529411764,0.15441176470588236
668,344,0.014534883720930232,0.0029069767441860465,0.2616279069767442,0.03488372093023256,0.023255813953488372,0.03197674418604651,0.005813953488372093,0.10755813953488372,0.09011627906976744,0.1511627906976744,0.01744186046511628,0.029069767441860465,0.005813953488372093,0.2238372093023256
669,772,0.023316062176165803,0.009067357512953367,0.12435233160621761,0.042746113989637305,0.025906735751295335,0.009067357512953367,0.04922279792746114,0.12694300518134716,0.06735751295336788,0.18264248704663213,0.007772020725388601,0.025906735751295335,0.0038860103626943004,0.3018134715025907
670,763,0.01310615989515072,0.01703800786369594,0.33682830930537355,0.019659239842726082,0.023591087811271297,0.00655307994757536,0.01310615989515072,0.09174311926605505,0.02490170380078637,0.145478374836173,0.005242463958060288,0.035386631716906945,0.001310615989515072,0.26605504587155965
671,179,0.01675977653631285,0.01675977653631285,0.40782122905027934,0.0111731843575419,0.027932960893854747,0.0335195530726257,0.0111731843575419,0.1452513966480447,0.027932960893854747,0.16759776536312848,0.0223463687150838,0.0,0.00558659217877095,0.10614525139664804
672,59,0.0,0.0,0.3898305084745763,0.01694915254237288,0.01694915254237288,0.03389830508474576,0.0,0.0847457627118644,0.06779661016949153,0.2033898305084746,0.01694915254237288,0.0,0.0,0.1694915254237288
673,152,0.013157894736842105,0.013157894736842105,0.3092105263157895,0.013157894736842105,0.019736842105263157,0.013157894736842105,0.3026315789473684,0.07894736842105263,0.02631578947368421,0.1118421052631579,0.0,0.0,0.0,0.09868421052631579
674,347,0.011527377521613832,0.008645533141210375,0.3659942363112392,0.01440922190201729,0.01729106628242075,0.011527377521613832,0.04610951008645533,0.11527377521613832,0.04899135446685879,0.19596541786743515,0.005763688760806916,0.0,0.011527377521613832,0.14697406340057637
675,1259,0.04447974583002383,0.004765687053216839,0.1199364575059571,0.03653693407466243,0.028594122319301033,0.003971405877680699,0.014297061159650517,0.13343923749007147,0.03733121525019857,0.4249404289118348,0.015885623510722795,0.004765687053216839,0.009531374106433678,0.12152501985702939
676,653,0.07350689127105667,0.015313935681470138,0.19601837672281777,0.04747320061255743,0.02909647779479326,0.0030627871362940277,0.03522205206738132,0.1439509954058193,0.05819295558958652,0.28637059724349156,0.021439509954058193,0.010719754977029096,0.004594180704441042,0.07503828483920368
677,2719,0.04045605001838912,0.007723427730783376,0.178742184626701,0.025744759102611255,0.04450165502022802,0.004781169547627804,0.03493931592497242,0.12614931960279516,0.0261125413755057,0.3118793674144906,0.006987863184994484,0.02022802500919456,0.003677822728944465,0.16807649871276203
678,781,0.052496798975672214,0.005121638924455826,0.20998719590268886,0.008962868117797696,0.03969270166453265,0.0038412291933418692,0.014084507042253521,0.08066581306017925,0.030729833546734954,0.39820742637644047,0.010243277848911651,0.015364916773367477,0.006402048655569782,0.12419974391805377
679,2729,0.06485892268230121,0.0131916452913155,0.08501282521069989,0.04140710883107365,0.05386588493953829,0.005862953462806889,0.029681201905459875,0.16746060828142176,0.031513374862587026,0.21033345547819715,0.010993037742762916,0.03517772077684134,0.005496518871381458,0.24514474166361305
680,1867,0.11837171933583289,0.017675415104445636,0.08355650776647028,0.05195500803427959,0.06909480449919657,0.002678093197643278,0.016068559185859668,0.16068559185859668,0.09641135511515801,0.20942688805570434,0.021424745581146223,0.024102838778789503,0.00856989823245849,0.11997857525441885
681,2385,0.07966457023060797,0.013836477987421384,0.06834381551362684,0.044444444444444446,0.044863731656184486,0.009224318658280923,0.005450733752620545,0.16477987421383647,0.07882599580712789,0.27882599580712786,0.01090146750524109,0.028092243186582808,0.010482180293501049,0.16226415094339622
682,2048,0.10302734375,0.01708984375,0.0498046875,0.046875,0.0576171875,0.00927734375,0.0068359375,0.1650390625,0.0625,0.26025390625,0.01806640625,0.02001953125,0.00830078125,0.17529296875
683,3256,0.08138820638820639,0.011363636363636364,0.09858722358722359,0.02364864864864865,0.05866093366093366,0.012592137592137592,0.008906633906633907,0.1468058968058968,0.05006142506142506,0.30036855036855037,0.0085995085995086,0.033169533169533166,0.011977886977886978,0.15386977886977887
684,3236,0.06705809641532756,0.014215080346106305,0.06767614338689741,0.07416563658838071,0.05686032138442522,0.01019777503090235,0.007107540173053152,0.12669962917181707,0.06983930778739184,0.30129789864029666,0.0188504326328801,0.03337453646477132,0.014215080346106305,0.138442521631644
685,2626,0.08225437928408226,0.009900990099009901,0.10548362528560548,0.04112718964204113,0.052170601675552174,0.004188880426504189,0.007996953541507998,0.14394516374714394,0.06968773800456969,0.27265803503427266,0.015232292460015232,0.027418126428027417,0.018659558263518658,0.14927646610814926
686,1124,0.11921708185053381,0.009786476868327402,0.10231316725978648,0.03914590747330961,0.09608540925266904,0.0071174377224199285,0.010676156583629894,0.16459074733096085,0.07473309608540925,0.19395017793594305,0.012455516014234875,0.02224199288256228,0.018683274021352312,0.1290035587188612
687,639,0.09233176838810642,0.006259780907668232,0.04381846635367762,0.04225352112676056,0.06885758998435054,0.056338028169014086,0.02034428794992175,0.10172143974960876,0.15336463223787167,0.20500782472613457,0.026604068857589983,0.02034428794992175,0.006259780907668232,0.1564945226917058
688,2748,0.08114992721979622,0.01455604075691412,0.10225618631732168,0.041848617176128096,0.06259097525473072,0.004002911208151383,0.009825327510917031,0.1408296943231441,0.07423580786026202,0.15283842794759825,0.02074235807860262,0.0782387190684134,0.03820960698689956,0.1786754002911208
689,2084,0.10316698656429943,0.012476007677543186,0.1199616122840691,0.07293666026871401,0.07293666026871401,0.009117082533589251,0.0047984644913627635,0.13531669865642995,0.08061420345489444,0.19817658349328215,0.014875239923224568,0.03502879078694818,0.016314779270633396,0.12428023032629558
690,2175,0.07862068965517241,0.008735632183908045,0.18344827586206897,0.03908045977011494,0.06022988505747127,0.008735632183908045,0.014712643678160919,0.13701149425287357,0.0735632183908046,0.13977011494252872,0.01747126436781609,0.030804597701149426,0.011034482758620689,0.1967816091954023
691,564,0.028368794326241134,0.0017730496453900709,0.16843971631205673,0.008865248226950355,0.03723404255319149,0.0017730496453900709,0.06914893617021277,0.1773049645390071,0.026595744680851064,0.35106382978723405,0.0035460992907801418,0.040780141843971635,0.0035460992907801418,0.08156028368794327
692,889,0.03262092238470191,0.008998875140607425,0.19122609673790777,0.01124859392575928,0.03937007874015748,0.003374578177727784,0.1968503937007874,0.25871766029246346,0.01124859392575928,0.1046119235095613,0.0044994375703037125,0.04161979752530934,0.0044994375703037125,0.09111361079865017
693,555,0.04144144144144144,0.0,0.26306306306306304,0.009009009009009009,0.04144144144144144,0.0018018018018018018,0.14774774774774774,0.2954954954954955,0.023423423423423424,0.08828828828828829,0.0018018018018018018,0.012612612612612612,0.007207207207207207,0.06666666666666667
694,2259,0.02611775121735281,0.005312084993359893,0.23107569721115537,0.02036299247454626,0.03497122620628597,0.0026560424966799467,0.15050907481186365,0.11863656485170429,0.02478972996901284,0.17662682602921648,0.004869411243913236,0.04293935369632581,0.0026560424966799467,0.15847720230190349
695,314,0.006369426751592357,0.022292993630573247,0.25477707006369427,0.03184713375796178,0.022292993630573247,0.006369426751592357,0.04777070063694268,0.1624203821656051,0.03503184713375796,0.17834394904458598,0.01592356687898089,0.022292993630573247,0.006369426751592357,0.18789808917197454
696,352,0.07386363636363637,0.011363636363636364,0.1278409090909091,0.036931818181818184,0.08806818181818182,0.019886363636363636,0.04261363636363636,0.1534090909090909,0.09090909090909091,0.09943181818181818,0.028409090909090908,0.048295454545454544,0.002840909090909091,0.17613636363636365
697,3032,0.10290237467018469,0.010883905013192613,0.11477572559366754,0.04551451187335093,0.06629287598944592,0.002308707124010554,0.007585751978891821,0.13852242744063326,0.10257255936675462,0.21075197889182057,0.018469656992084433,0.025725593667546173,0.014841688654353561,0.13885224274406333
698,1394,0.08895265423242468,0.015064562410329985,0.22883787661406027,0.02295552367288379,0.07747489239598278,0.00430416068866571,0.00860832137733142,0.08823529411764706,0.22883787661406027,0.09182209469153516,0.023672883787661407,0.03084648493543759,0.010760401721664276,0.07962697274031563
699,1331,0.09090909090909091,0.007513148009015778,0.09241172051089407,0.04282494365138993,0.048835462058602556,0.009767092411720512,0.015026296018031555,0.16679188580015025,0.056348610067618335,0.2682193839218633,0.024793388429752067,0.029301277235161533,0.028549962434259956,0.11870773854244929
700,640,0.1359375,0.021875,0.25,0.0328125,0.0765625,0.0078125,0.028125,0.090625,0.040625,0.134375,0.0125,0.040625,0.0265625,0.1015625
701,348,0.1235632183908046,0.005747126436781609,0.11781609195402298,0.034482758620689655,0.06896551724137931,0.011494252873563218,0.05172413793103448,0.11781609195402298,0.11206896551724138,0.08908045977011494,0.031609195402298854,0.10632183908045977,0.02586206896551724,0.10344827586206896
702,1757,0.06488332384746727,0.021627774615822423,0.07455890722822994,0.035856573705179286,0.040409789413773475,0.00910643141718839,0.013659647125782584,0.1661923733636881,0.042686397268070574,0.20375640295959022,0.028457598178713718,0.09106431417188389,0.03813318155947638,0.16960728514513376
703,3573,0.05793450881612091,0.014553596417576267,0.17912118667786175,0.037503498460677305,0.033865099356283235,0.0030786453960257487,0.005317660229499021,0.12426532325776658,0.03302546879373076,0.24181360201511334,0.015113350125944584,0.02994682339770501,0.0218303946263644,0.2026308424293311
704,1240,0.0717741935483871,0.008064516129032258,0.04758064516129032,0.050806451612903224,0.06129032258064516,0.01532258064516129,0.010483870967741936,0.18064516129032257,0.055645161290322584,0.27338709677419354,0.016935483870967744,0.025,0.01129032258064516,0.1717741935483871
705,1568,0.08163265306122448,0.003826530612244898,0.09247448979591837,0.03571428571428571,0.07079081632653061,0.003826530612244898,0.03316326530612245,0.1485969387755102,0.05548469387755102,0.18622448979591838,0.011479591836734694,0.032525510204081634,0.00510204081632653,0.23915816326530612
706,1480,0.06283783783783783,0.008783783783783784,0.06756756756756757,0.05675675675675676,0.0445945945945946,0.002027027027027027,0.031081081081081083,0.1783783783783784,0.052702702702702706,0.17635135135135135,0.007432432432432433,0.0472972972972973,0.006081081081081081,0.2581081081081081
707,1469,0.07351940095302927,0.0068073519400953025,0.12933968686181074,0.047651463580667124,0.09189925119128659,0.0006807351940095302,0.006126616746085773,0.15997277059223963,0.13955071477195372,0.14908100748808714,0.027910142954390742,0.021783526208304968,0.0224642614023145,0.12321307011572498
708,2087,0.06324868231911836,0.01581217057977959,0.09870627695256348,0.03162434115955918,0.07043603258265453,0.0014374700527072352,0.03497843794920939,0.14326784858648778,0.044561571633924296,0.1423095352180163,0.01629132726401533,0.05174892189746047,0.004312410158121706,0.28126497364638237
709,1726,0.10139049826187717,0.015063731170336037,0.06546929316338354,0.04171494785631518,0.05098493626882966,0.005793742757821553,0.017960602549246814,0.12456546929316338,0.10602549246813442,0.1436848203939745,0.020278099652375436,0.046349942062572425,0.01100811123986095,0.24971031286210893
710,2517,0.060389352403655144,0.015494636471990465,0.21255462852602305,0.021454112038140644,0.06634882796980532,0.004370282081843465,0.018275725069527213,0.08382995629717918,0.02820818434644418,0.24155740961462058,0.011124354390147001,0.03218116805721097,0.01748112832737386,0.18673023440603895
711,3044,0.0259526938239159,0.0045992115637319315,0.17247043363994743,0.02102496714848883,0.021353482260183968,0.0032851511169513796,0.006241787122207621,0.16031537450722733,0.03350854139290407,0.37614980289093297,0.006898817345597897,0.01576872536136662,0.0045992115637319315,0.1478318002628121
712,2234,0.06311548791405551,0.010743061772605193,0.11459265890778872,0.02685765443151298,0.047000895255147716,0.003133393017009848,0.008952551477170993,0.15980304386750224,0.052820053715308866,0.20411817367949867,0.008057296329453895,0.047000895255147716,0.010743061772605193,0.2430617726051925
713,2997,0.04938271604938271,0.01334668001334668,0.17017017017017017,0.02335669002335669,0.02669336002669336,0.010677344010677344,0.036036036036036036,0.16950283616950285,0.033700367033700364,0.2682682682682683,0.007007007007007007,0.03470136803470137,0.007007007007007007,0.15015015015015015
714,1718,0.04714784633294528,0.011059371362048894,0.16181606519208383,0.027357392316647265,0.02619324796274738,0.0034924330616996507,0.11466821885913853,0.1670547147846333,0.018626309662398137,0.27182770663562283,0.004656577415599534,0.01338766006984866,0.005238649592549476,0.12747380675203726
715,7257,0.02039410224610721,0.0012401818933443572,0.11368334022323275,0.0062009094667217855,0.013917596803086674,0.007992283312663636,0.0022047678103899685,0.07385972164806394,0.013779798814937303,0.6814110513986495,0.0019291718340912222,0.005098525561526802,0.0030315557392862065,0.05525699324789858
716,1239,0.09200968523002422,0.00645682001614205,0.02744148506860371,0.03954802259887006,0.05569007263922518,0.01775625504439064,0.008071025020177562,0.14527845036319612,0.2453591606133979,0.15899919289749798,0.025020177562550445,0.046811945117029866,0.011299435028248588,0.12025827280064569
717,1332,0.07282282282282282,0.008258258258258258,0.1373873873873874,0.025525525525525526,0.042042042042042045,0.026276276276276277,0.03153153153153153,0.15840840840840842,0.05105105105105105,0.18393393393393392,0.016516516516516516,0.02252252252252252,0.010510510510510511,0.2132132132132132
718,207,0.06763285024154589,0.014492753623188406,0.14009661835748793,0.01932367149758454,0.057971014492753624,0.18357487922705315,0.13526570048309178,0.08695652173913043,0.07729468599033816,0.057971014492753624,0.057971014492753624,0.024154589371980676,0.0,0.07729468599033816
719,2918,0.04043865661411926,0.00616860863605209,0.09698423577793008,0.03015764222069911,0.05037697052775874,0.00411240575736806,0.03838245373543523,0.17991775188485265,0.0496915695681974,0.18677176148046606,0.0075394105551747775,0.057230980123372174,0.005140507196710075,0.24708704592186428
720,2212,0.05515370705244123,0.011301989150090416,0.17721518987341772,0.03345388788426763,0.05063291139240506,0.004972875226039783,0.03300180831826401,0.14466546112115733,0.048824593128390596,0.22197106690777577,0.006781193490054249,0.014918625678119348,0.006781193490054249,0.1903254972875226
721,3557,0.04301377565364071,0.015181332583637897,0.07815574922687658,0.042451504076468936,0.03064380095586168,0.003935901040202418,0.02333427045262862,0.13972448692718584,0.04385718301939837,0.2921000843407366,0.011807703120607253,0.03064380095586168,0.006466123137475401,0.23868428450941806
722,2791,0.07560014331780723,0.01934790397706915,0.12791114295951272,0.03403797921891795,0.04192045861698316,0.002866356144750985,0.04550340379792189,0.14403439627373701,0.049086348978860626,0.24471515585811537,0.01683984235041204,0.007524184879971337,0.012540308133285561,0.17807237549265495
723,1231,0.015434606011372868,0.00487408610885459,0.2688870836718115,0.025995125913891144,0.01380991064175467,0.002437043054427295,0.050365556458164096,0.10560519902518278,0.030869212022745736,0.3233143785540211,0.006498781478472786,0.010560519902518278,0.012185215272136474,0.12916328188464662
724,399,0.017543859649122806,0.012531328320802004,0.07769423558897243,0.07518796992481203,0.020050125313283207,0.007518796992481203,0.005012531328320802,0.14536340852130325,0.06265664160401002,0.3483709273182957,0.020050125313283207,0.005012531328320802,0.010025062656641603,0.19298245614035087
725,479,0.033402922755741124,0.0041753653444676405,0.31941544885177453,0.031315240083507306,0.025052192066805846,0.0,0.2359081419624217,0.09603340292275574,0.022964509394572025,0.1315240083507307,0.006263048016701462,0.0020876826722338203,0.0020876826722338203,0.08977035490605428
726,1254,0.05342902711323764,0.011164274322169059,0.11562998405103668,0.049441786283891544,0.02631578947368421,0.0,0.04066985645933014,0.15789473684210525,0.09728867623604466,0.23125996810207336,0.023923444976076555,0.012759170653907496,0.004784688995215311,0.17543859649122806
727,421,0.035629453681710214,0.007125890736342043,0.2589073634204275,0.007125890736342043,0.0498812351543943,0.009501187648456057,0.14489311163895488,0.10688836104513064,0.047505938242280284,0.171021377672209,0.0023752969121140144,0.009501187648456057,0.0023752969121140144,0.14726840855106887
728,1422,0.029535864978902954,0.009845288326300985,0.16877637130801687,0.034458509142053444,0.03867791842475387,0.006329113924050633,0.01617440225035162,0.14838255977496484,0.027426160337552744,0.24542897327707455,0.0028129395218002813,0.07313642756680731,0.004219409282700422,0.19479606188466947
729,719,0.02086230876216968,0.022253129346314324,0.21696801112656466,0.03616133518776078,0.030598052851182198,0.006954102920723227,0.030598052851182198,0.13073713490959665,0.02920723226703755,0.2614742698191933,0.006954102920723227,0.06258692628650904,0.004172461752433936,0.1404728789986092
730,1870,0.02085561497326203,0.012834224598930482,0.1358288770053476,0.04331550802139037,0.026737967914438502,0.006417112299465241,0.019251336898395723,0.16737967914438504,0.025133689839572194,0.33796791443850266,0.0037433155080213902,0.052406417112299465,0.0032085561497326204,0.1449197860962567
731,3035,0.0214168039538715,0.003953871499176277,0.16705107084019769,0.021746293245469523,0.014168039538714991,0.00032948929159802305,0.013509060955518945,0.10675453047775947,0.014168039538714991,0.49522240527182865,0.0016474464579901153,0.037232289950576605,0.003953871499176277,0.09884678747940692
732,1735,0.009221902017291067,0.004034582132564841,0.17406340057636888,0.022478386167146973,0.02190201729106628,0.005763688760806916,0.04207492795389049,0.13487031700288185,0.022478386167146973,0.3561959654178674,0.008069164265129682,0.04380403458213256,0.006340057636887608,0.14870317002881844
733,451,0.024390243902439025,0.008869179600886918,0.15299334811529933,0.037694013303769404,0.031042128603104215,0.0022172949002217295,0.10199556541019955,0.1662971175166297,0.04212860310421286,0.25055432372505543,0.015521064301552107,0.0066518847006651885,0.015521064301552107,0.14412416851441243
734,1175,0.02553191489361702,0.011914893617021277,0.15319148936170213,0.05446808510638298,0.02893617021276596,0.000851063829787234,0.03148936170212766,0.14042553191489363,0.03404255319148936,0.2731914893617021,0.006808510638297872,0.02893617021276596,0.006808510638297872,0.20340425531914894
735,306,0.00980392156862745,0.006535947712418301,0.31699346405228757,0.006535947712418301,0.05555555555555555,0.006535947712418301,0.08496732026143791,0.11437908496732026,0.026143790849673203,0.20261437908496732,0.013071895424836602,0.016339869281045753,0.0032679738562091504,0.13725490196078433
736,804,0.05472636815920398,0.033582089552238806,0.07338308457711443,0.012437810945273632,0.017412935323383085,0.06840796019900497,0.014925373134328358,0.08582089552238806,0.024875621890547265,0.21144278606965175,0.0472636815920398,0.16293532338308458,0.0,0.1927860696517413
737,598,0.01839464882943144,0.011705685618729096,0.4782608695652174,0.016722408026755852,0.030100334448160536,0.006688963210702341,0.04180602006688963,0.09866220735785954,0.028428093645484948,0.14715719063545152,0.010033444816053512,0.013377926421404682,0.0016722408026755853,0.09698996655518395
738,355,0.14084507042253522,0.016901408450704224,0.09577464788732394,0.011267605633802818,0.03943661971830986,0.005633802816901409,0.11549295774647887,0.04788732394366197,0.005633802816901409,0.061971830985915494,0.005633802816901409,0.27887323943661974,0.0028169014084507044,0.17183098591549295
739,812,0.06527093596059114,0.01600985221674877,0.21551724137931033,0.022167487684729065,0.03940886699507389,0.0012315270935960591,0.05665024630541872,0.13916256157635468,0.046798029556650245,0.1145320197044335,0.020935960591133004,0.038177339901477834,0.006157635467980296,0.21798029556650247
740,442,0.011312217194570135,0.011312217194570135,0.40271493212669685,0.00904977375565611,0.04524886877828054,0.013574660633484163,0.058823529411764705,0.11085972850678733,0.042986425339366516,0.16968325791855204,0.004524886877828055,0.00904977375565611,0.004524886877828055,0.10633484162895927
741,565,0.02831858407079646,0.007079646017699115,0.40707964601769914,0.023008849557522124,0.02831858407079646,0.0017699115044247787,0.03716814159292035,0.11327433628318584,0.02654867256637168,0.1504424778761062,0.0035398230088495575,0.03008849557522124,0.007079646017699115,0.13628318584070798
742,259,0.1969111969111969,0.0,0.011583011583011582,0.007722007722007722,0.003861003861003861,0.007722007722007722,0.019305019305019305,0.09652509652509653,0.007722007722007722,0.47104247104247104,0.0,0.023166023166023165,0.023166023166023165,0.13127413127413126
743,123,0.008130081300813009,0.032520325203252036,0.3983739837398374,0.016260162601626018,0.06504065040650407,0.0,0.016260162601626018,0.08130081300813008,0.032520325203252036,0.13821138211382114,0.0,0.008130081300813009,0.0,0.2032520325203252
744,142,0.02112676056338028,0.06338028169014084,0.30985915492957744,0.014084507042253521,0.035211267605633804,0.028169014084507043,0.04225352112676056,0.09859154929577464,0.028169014084507043,0.18309859154929578,0.056338028169014086,0.0,0.0,0.11971830985915492
745,171,0.19298245614035087,0.0,0.08187134502923976,0.029239766081871343,0.023391812865497075,0.0,0.06432748538011696,0.1111111111111111,0.023391812865497075,0.24561403508771928,0.023391812865497075,0.05263157894736842,0.017543859649122806,0.13450292397660818
746,21,0.0,0.047619047619047616,0.23809523809523808,0.0,0.047619047619047616,0.047619047619047616,0.0,0.047619047619047616,0.14285714285714285,0.14285714285714285,0.09523809523809523,0.09523809523809523,0.0,0.09523809523809523
747,165,0.006060606060606061,0.01818181818181818,0.296969696969697,0.048484848484848485,0.01818181818181818,0.030303030303030304,0.05454545454545454,0.14545454545454545,0.04242424242424243,0.21818181818181817,0.006060606060606061,0.030303030303030304,0.012121212121212121,0.07272727272727272
748,372,0.05913978494623656,0.0,0.15591397849462366,0.026881720430107527,0.06989247311827956,0.010752688172043012,0.016129032258064516,0.2956989247311828,0.021505376344086023,0.03494623655913978,0.002688172043010753,0.12634408602150538,0.0,0.18010752688172044
749,486,0.06584362139917696,0.00823045267489712,0.12757201646090535,0.01440329218106996,0.04526748971193416,0.00823045267489712,0.07407407407407407,0.21193415637860083,0.00823045267489712,0.13786008230452676,0.006172839506172839,0.06584362139917696,0.006172839506172839,0.22016460905349794
750,210,0.02857142857142857,0.009523809523809525,0.20952380952380953,0.0380952380952381,0.01904761904761905,0.03333333333333333,0.15714285714285714,0.12857142857142856,0.01904761904761905,0.09523809523809523,0.009523809523809525,0.1380952380952381,0.004761904761904762,0.10952380952380952
751,187,0.0213903743315508,0.0213903743315508,0.40106951871657753,0.0106951871657754,0.06417112299465241,0.016042780748663103,0.09090909090909091,0.10160427807486631,0.0481283422459893,0.053475935828877004,0.0106951871657754,0.03208556149732621,0.0106951871657754,0.11764705882352941
752,47,0.0425531914893617,0.0,0.23404255319148937,0.0,0.0425531914893617,0.0,0.0,0.46808510638297873,0.0425531914893617,0.02127659574468085,0.0,0.06382978723404255,0.0,0.0851063829787234
753,65,0.015384615384615385,0.0,0.3384615384615385,0.06153846153846154,0.046153846153846156,0.015384615384615385,0.046153846153846156,0.046153846153846156,0.12307692307692308,0.13846153846153847,0.015384615384615385,0.015384615384615385,0.0,0.13846153846153847
754,366,0.01639344262295082,0.01092896174863388,0.36885245901639346,0.01639344262295082,0.03278688524590164,0.00819672131147541,0.05737704918032787,0.10655737704918032,0.030054644808743168,0.15846994535519127,0.00819672131147541,0.00819672131147541,0.00546448087431694,0.1721311475409836
755,706,0.024079320113314446,0.0056657223796034,0.08923512747875353,0.06657223796033994,0.025495750708215296,0.007082152974504249,0.019830028328611898,0.11756373937677053,0.042492917847025496,0.37393767705382436,0.015580736543909348,0.026912181303116147,0.0113314447592068,0.17422096317280453
756,814,0.060196560196560195,0.012285012285012284,0.19901719901719903,0.025798525798525797,0.029484029484029485,0.014742014742014743,0.05528255528255528,0.1167076167076167,0.04054054054054054,0.2764127764127764,0.0036855036855036856,0.011056511056511056,0.006142506142506142,0.14864864864864866
757,1033,0.04549854791868345,0.005808325266214908,0.07066795740561471,0.06098741529525654,0.044530493707647625,0.017424975798644726,0.011616650532429816,0.11519845111326234,0.030009680542110357,0.4075508228460794,0.008712487899322363,0.011616650532429816,0.00484027105517909,0.16553727008712488
758,476,0.01050420168067227,0.01050420168067227,0.42857142857142855,0.01050420168067227,0.018907563025210083,0.01050420168067227,0.04411764705882353,0.0861344537815126,0.03361344537815126,0.1722689075630252,0.012605042016806723,0.004201680672268907,0.008403361344537815,0.14915966386554622
759,513,0.03508771929824561,0.015594541910331383,0.12475633528265107,0.04678362573099415,0.007797270955165692,0.003898635477582846,0.031189083820662766,0.16569200779727095,0.05263157894736842,0.28654970760233917,0.005847953216374269,0.01364522417153996,0.003898635477582846,0.20662768031189083
760,135,0.007407407407407408,0.007407407407407408,0.34814814814814815,0.014814814814814815,0.08148148148148149,0.022222222222222223,0.0,0.08888888888888889,0.06666666666666667,0.17037037037037037,0.014814814814814815,0.007407407407407408,0.0,0.17037037037037037
761,429,0.030303030303030304,0.018648018648018648,0.1561771561771562,0.039627039627039624,0.023310023310023312,0.002331002331002331,0.027972027972027972,0.11655011655011654,0.10023310023310024,0.2097902097902098,0.027972027972027972,0.004662004662004662,0.013986013986013986,0.22843822843822845
762,234,0.004273504273504274,0.01282051282051282,0.3162393162393162,0.038461538461538464,0.029914529914529916,0.004273504273504274,0.07264957264957266,0.09829059829059829,0.05982905982905983,0.2094017094017094,0.004273504273504274,0.004273504273504274,0.029914529914529916,0.11538461538461539
763,29,0.0,0.0,0.5862068965517241,0.0,0.10344827586206896,0.034482758620689655,0.034482758620689655,0.034482758620689655,0.10344827586206896,0.06896551724137931,0.0,0.0,0.0,0.034482758620689655
764,62,0.016129032258064516,0.0,0.4838709677419355,0.0,0.03225806451612903,0.14516129032258066,0.016129032258064516,0.11290322580645161,0.03225806451612903,0.0967741935483871,0.0,0.0,0.0,0.06451612903225806
765,54,0.0,0.037037037037037035,0.12962962962962962,0.018518518518518517,0.0,0.0,0.0,0.2222222222222222,0.16666666666666666,0.24074074074074073,0.0,0.0,0.018518518518518517,0.16666666666666666
766,117,0.0,0.017094017094017096,0.47863247863247865,0.017094017094017096,0.02564102564102564,0.008547008547008548,0.03418803418803419,0.02564102564102564,0.08547008547008547,0.15384615384615385,0.017094017094017096,0.0,0.008547008547008548,0.1282051282051282
767,179,0.01675977653631285,0.0111731843575419,0.5977653631284916,0.01675977653631285,0.0335195530726257,0.0111731843575419,0.0335195530726257,0.0446927374301676,0.03910614525139665,0.12849162011173185,0.0,0.0,0.0,0.0670391061452514
768,691,0.01881331403762663,0.010130246020260492,0.06367583212735166,0.04775687409551375,0.01447178002894356,0.01447178002894356,0.015918958031837915,0.1447178002894356,0.05499276410998553,0.35311143270622286,0.017366136034732273,0.02604920405209841,0.005788712011577424,0.21273516642547033
769,96,0.041666666666666664,0.0,0.5208333333333334,0.052083333333333336,0.010416666666666666,0.010416666666666666,0.03125,0.11458333333333333,0.07291666666666667,0.07291666666666667,0.03125,0.0,0.010416666666666666,0.03125
770,96,0.07291666666666667,0.0,0.4791666666666667,0.020833333333333332,0.041666666666666664,0.010416666666666666,0.14583333333333334,0.15625,0.03125,0.010416666666666666,0.0,0.0,0.0,0.03125
771,87,0.11494252873563218,0.011494252873563218,0.40229885057471265,0.011494252873563218,0.011494252873563218,0.011494252873563218,0.1724137931034483,0.08045977011494253,0.05747126436781609,0.022988505747126436,0.011494252873563218,0.0,0.011494252873563218,0.08045977011494253
772,656,0.06554878048780488,0.006097560975609756,0.13567073170731708,0.03048780487804878,0.019817073170731708,0.012195121951219513,0.08536585365853659,0.12957317073170732,0.03353658536585366,0.21341463414634146,0.01676829268292683,0.021341463414634148,0.013719512195121951,0.21646341463414634
773,62,0.14516129032258066,0.0,0.45161290322580644,0.016129032258064516,0.04838709677419355,0.0,0.016129032258064516,0.08064516129032258,0.11290322580645161,0.0,0.0,0.0,0.0,0.12903225806451613
774,80,0.0125,0.1375,0.2625,0.0,0.0375,0.025,0.0125,0.0375,0.0875,0.1375,0.0375,0.0625,0.0,0.15
775,1441,0.07147814018043026,0.006939625260235947,0.08049965301873699,0.040249826509368494,0.03747397640527411,0.0013879250520471894,0.020818875780707843,0.1582234559333796,0.04441360166551006,0.3289382373351839,0.0131852879944483,0.01457321304649549,0.01457321304649549,0.16724496877168632
776,951,0.07676130389064142,0.027339642481598318,0.11146161934805468,0.03890641430073607,0.048370136698212406,0.002103049421661409,0.03785488958990536,0.18506834910620398,0.05573080967402734,0.24815983175604628,0.00946372239747634,0.014721345951629864,0.0031545741324921135,0.14090431125131442
777,295,0.03728813559322034,0.01694915254237288,0.2,0.020338983050847456,0.01694915254237288,0.03389830508474576,0.0576271186440678,0.1423728813559322,0.05423728813559322,0.25084745762711863,0.020338983050847456,0.0,0.01694915254237288,0.13220338983050847
778,1223,0.04006541291905151,0.013900245298446443,0.1733442354865086,0.038430089942763694,0.02044153720359771,0.012264922322158627,0.011447260834014717,0.1635322976287817,0.06704824202780049,0.22403924775143091,0.018806214227309895,0.03761242845461979,0.023712183156173343,0.1553556827473426
779,191,0.06282722513089005,0.005235602094240838,0.2198952879581152,0.020942408376963352,0.11518324607329843,0.02617801047120419,0.08376963350785341,0.13089005235602094,0.031413612565445025,0.09424083769633508,0.031413612565445025,0.031413612565445025,0.11518324607329843,0.031413612565445025
780,2419,0.04216618437370814,0.007027697395618024,0.12732534105002066,0.03059115336916081,0.03927242662257131,0.0016535758577924762,0.03224472922695329,0.17486564696155435,0.0454733360892931,0.2472095907399752,0.010334849111202976,0.02273666804464655,0.01694915254237288,0.2021496486151302
781,500,0.042,0.016,0.154,0.032,0.02,0.004,0.018,0.17,0.048,0.188,0.014,0.014,0.02,0.26
782,112,0.0625,0.0,0.16071428571428573,0.026785714285714284,0.07142857142857142,0.017857142857142856,0.11607142857142858,0.11607142857142858,0.07142857142857142,0.19642857142857142,0.008928571428571428,0.008928571428571428,0.044642857142857144,0.09821428571428571
783,131,0.13740458015267176,0.007633587786259542,0.35877862595419846,0.0,0.1984732824427481,0.007633587786259542,0.030534351145038167,0.0916030534351145,0.007633587786259542,0.030534351145038167,0.007633587786259542,0.007633587786259542,0.04580152671755725,0.06870229007633588
784,431,0.08816705336426914,0.002320185614849188,0.12993039443155452,0.05568445475638051,0.03944315545243619,0.016241299303944315,0.04176334106728538,0.18793503480278423,0.07192575406032482,0.1740139211136891,0.027842227378190254,0.02320185614849188,0.016241299303944315,0.12529002320185614
785,636,0.08962264150943396,0.009433962264150943,0.2138364779874214,0.026729559748427674,0.029874213836477988,0.0031446540880503146,0.04245283018867924,0.12735849056603774,0.055031446540880505,0.23113207547169812,0.0047169811320754715,0.012578616352201259,0.012578616352201259,0.14150943396226415
786,243,0.0205761316872428,0.00823045267489712,0.4156378600823045,0.00823045267489712,0.06995884773662552,0.01646090534979424,0.07818930041152264,0.10699588477366255,0.02880658436213992,0.13168724279835392,0.0,0.00823045267489712,0.00823045267489712,0.09876543209876543
787,152,0.006578947368421052,0.006578947368421052,0.40789473684210525,0.02631578947368421,0.013157894736842105,0.0,0.10526315789473684,0.08552631578947369,0.02631578947368421,0.23026315789473684,0.0,0.0,0.006578947368421052,0.08552631578947369
788,119,0.04201680672268908,0.01680672268907563,0.15966386554621848,0.01680672268907563,0.09243697478991597,0.0,0.058823529411764705,0.12605042016806722,0.07563025210084033,0.15966386554621848,0.025210084033613446,0.0,0.008403361344537815,0.2184873949579832
789,131,0.0,0.0,0.2748091603053435,0.022900763358778626,0.0,0.0,0.03816793893129771,0.07633587786259542,0.007633587786259542,0.3969465648854962,0.0,0.0,0.0,0.183206106870229
790,243,0.07818930041152264,0.00411522633744856,0.17695473251028807,0.00411522633744856,0.0823045267489712,0.012345679012345678,0.03292181069958848,0.20987654320987653,0.09465020576131687,0.11934156378600823,0.0411522633744856,0.02880658436213992,0.012345679012345678,0.102880658436214
791,241,0.03319502074688797,0.03319502074688797,0.08713692946058091,0.02074688796680498,0.024896265560165973,0.004149377593360996,0.14522821576763487,0.11203319502074689,0.11618257261410789,0.17427385892116182,0.016597510373443983,0.02074688796680498,0.004149377593360996,0.2074688796680498
792,235,0.0,0.01702127659574468,0.4553191489361702,0.02127659574468085,0.01276595744680851,0.00425531914893617,0.059574468085106386,0.0851063829787234,0.03404255319148936,0.17872340425531916,0.00851063829787234,0.00851063829787234,0.0,0.1148936170212766
793,1048,0.015267175572519083,0.009541984732824428,0.10687022900763359,0.05438931297709924,0.012404580152671756,0.0019083969465648854,0.025763358778625955,0.15076335877862596,0.04007633587786259,0.3501908396946565,0.006679389312977099,0.02480916030534351,0.007633587786259542,0.19370229007633588
794,45,0.0,0.044444444444444446,0.3111111111111111,0.022222222222222223,0.0,0.08888888888888889,0.08888888888888889,0.1111111111111111,0.1111111111111111,0.022222222222222223,0.022222222222222223,0.0,0.0,0.17777777777777778
795,27,0.18518518518518517,0.14814814814814814,0.1111111111111111,0.0,0.07407407407407407,0.0,0.1111111111111111,0.1111111111111111,0.0,0.037037037037037035,0.037037037037037035,0.037037037037037035,0.0,0.14814814814814814
796,113,0.008849557522123894,0.017699115044247787,0.23893805309734514,0.02654867256637168,0.04424778761061947,0.008849557522123894,0.07964601769911504,0.1592920353982301,0.008849557522123894,0.21238938053097345,0.035398230088495575,0.008849557522123894,0.0,0.1504424778761062
797,121,0.024793388429752067,0.024793388429752067,0.09917355371900827,0.024793388429752067,0.06611570247933884,0.008264462809917356,0.049586776859504134,0.09917355371900827,0.10743801652892562,0.10743801652892562,0.01652892561983471,0.0,0.01652892561983471,0.35537190082644626
798,224,0.0,0.008928571428571428,0.24107142857142858,0.03571428571428571,0.026785714285714284,0.004464285714285714,0.08928571428571429,0.08928571428571429,0.044642857142857144,0.26785714285714285,0.004464285714285714,0.008928571428571428,0.0,0.17857142857142858
799,573,0.04886561954624782,0.006980802792321117,0.1343804537521815,0.04712041884816754,0.02617801047120419,0.0017452006980802793,0.06108202443280977,0.14659685863874344,0.06282722513089005,0.3193717277486911,0.012216404886561954,0.005235602094240838,0.013961605584642234,0.11343804537521815
800,298,0.010067114093959731,0.010067114093959731,0.11073825503355705,0.020134228187919462,0.016778523489932886,0.003355704697986577,0.0436241610738255,0.11409395973154363,0.040268456375838924,0.15436241610738255,0.030201342281879196,0.050335570469798654,0.003355704697986577,0.3926174496644295
801,166,0.030120481927710843,0.012048192771084338,0.25903614457831325,0.018072289156626505,0.030120481927710843,0.012048192771084338,0.07228915662650602,0.0963855421686747,0.060240963855421686,0.19879518072289157,0.006024096385542169,0.018072289156626505,0.0,0.18674698795180722
802,65,0.0,0.046153846153846156,0.06153846153846154,0.03076923076923077,0.06153846153846154,0.18461538461538463,0.0,0.046153846153846156,0.07692307692307693,0.07692307692307693,0.015384615384615385,0.2153846153846154,0.015384615384615385,0.16923076923076924
803,110,0.01818181818181818,0.00909090909090909,0.17272727272727273,0.05454545454545454,0.13636363636363635,0.03636363636363636,0.045454545454545456,0.12727272727272726,0.07272727272727272,0.16363636363636364,0.00909090909090909,0.02727272727272727,0.0,0.12727272727272726
804,1276,0.04231974921630094,0.017241379310344827,0.15752351097178682,0.014106583072100314,0.03369905956112853,0.003134796238244514,0.10188087774294671,0.0932601880877743,0.05642633228840126,0.25391849529780564,0.017241379310344827,0.02586206896551724,0.014890282131661442,0.16849529780564262
805,1297,0.04548959136468774,0.028527370855821126,0.05782575173477255,0.03777949113338473,0.029298380878951428,0.008481110254433308,0.025443330763299923,0.19737856592135697,0.06553585196607556,0.2181958365458751,0.007710100231303007,0.01079414032382421,0.02235929067077872,0.24518118735543562
806,16,0.0,0.0,0.0625,0.0625,0.1875,0.1875,0.0,0.1875,0.0,0.0625,0.0,0.0625,0.0,0.1875
807,353,0.09631728045325778,0.0,0.20679886685552407,0.028328611898016998,0.042492917847025496,0.0056657223796034,0.0708215297450425,0.12464589235127478,0.05099150141643059,0.1813031161473088,0.0028328611898017,0.0056657223796034,0.025495750708215296,0.15864022662889518
808,1615,0.06068111455108359,0.009907120743034056,0.12507739938080495,0.0346749226006192,0.05325077399380805,0.004953560371517028,0.043343653250773995,0.1653250773993808,0.05263157894736842,0.2284829721362229,0.011145510835913313,0.030340557275541795,0.017956656346749224,0.16222910216718267
809,2194,0.053783044667274384,0.01959890610756609,0.07839562443026436,0.04603463992707384,0.041932543299908843,0.0027347310847766638,0.020054694621695533,0.19963536918869645,0.059252506836827715,0.26618049225159524,0.015952597994530537,0.010483135824977211,0.008204193254329991,0.17775752051048313
810,2262,0.0636604774535809,0.013704686118479222,0.11052166224580018,0.02564102564102564,0.05172413793103448,0.005747126436781609,0.06542882404951371,0.14677276746242263,0.042440318302387266,0.20954907161803712,0.010610079575596816,0.03094606542882405,0.01237842617152962,0.21087533156498675
811,564,0.051418439716312055,0.014184397163120567,0.13120567375886524,0.02127659574468085,0.028368794326241134,0.0070921985815602835,0.051418439716312055,0.1524822695035461,0.047872340425531915,0.32978723404255317,0.0070921985815602835,0.0017730496453900709,0.0035460992907801418,0.1524822695035461
812,676,0.07544378698224852,0.005917159763313609,0.21597633136094674,0.0073964497041420114,0.04437869822485207,0.023668639053254437,0.24260355029585798,0.08284023668639054,0.029585798816568046,0.12721893491124261,0.010355029585798817,0.023668639053254437,0.0014792899408284023,0.10946745562130178
813,1457,0.029512697323266987,0.0068634179821551134,0.2656142759094029,0.015099519560741249,0.027453671928620454,0.002745367192862045,0.02196293754289636,0.07618393960192175,0.022649279341111873,0.40425531914893614,0.004118050789293068,0.01098146877144818,0.0034317089910775567,0.1091283459162663
814,1117,0.02864816472694718,0.012533572068039392,0.170993733213966,0.03939122649955237,0.03133393017009848,0.008952551477170993,0.025962399283795883,0.1360787824529991,0.04297224709042077,0.2909579230080573,0.006266786034019696,0.01521933751119069,0.0026857654431512983,0.18800358102059087
815,1445,0.06505190311418685,0.011764705882352941,0.14809688581314878,0.035986159169550176,0.04844290657439446,0.006228373702422145,0.019377162629757784,0.17231833910034602,0.057439446366782006,0.2027681660899654,0.020069204152249134,0.02698961937716263,0.004844290657439446,0.1806228373702422
816,2721,0.04814406468210217,0.008820286659316428,0.08195516354281514,0.015067989709665565,0.03491363469312753,0.002205071664829107,0.01470047776552738,0.09886071297317163,0.03013597941933113,0.5233370084527748,0.006247703050349137,0.02278574053656744,0.006982726938625505,0.10584343991179714
817,1891,0.07191961924907457,0.01110523532522475,0.1274457958751983,0.03172924378635643,0.05711263881544157,0.012162876784769964,0.011634056054997356,0.13960867265996826,0.05182443151771549,0.26229508196721313,0.014806980433632998,0.020624008461131677,0.005817028027498678,0.18191433104177684
818,1615,0.030959752321981424,0.007430340557275541,0.24891640866873066,0.045820433436532505,0.02910216718266254,0.004953560371517028,0.01609907120743034,0.13312693498452013,0.03343653250773994,0.29473684210526313,0.006811145510835914,0.004953560371517028,0.005572755417956657,0.13808049535603714
819,2862,0.07686932215234102,0.008735150244584208,0.11076170510132774,0.03563941299790356,0.04437456324248777,0.0069881201956673656,0.0583508036338225,0.15828092243186584,0.03179594689028651,0.253319357092942,0.003843466107617051,0.01816911250873515,0.006289308176100629,0.18658280922431866
820,2273,0.040475142982842056,0.009678838539375276,0.18741750989881215,0.0409150901891773,0.03255609326880774,0.0030796304443466782,0.01715794104707435,0.14210294764628245,0.027716673999120107,0.31060272767267927,0.009238891333040036,0.014958205015398152,0.004839419269687638,0.1592608886933568
821,1110,0.06756756756756757,0.006306306306306306,0.16036036036036036,0.02882882882882883,0.04864864864864865,0.021621621621621623,0.05045045045045045,0.14504504504504503,0.036936936936936934,0.23603603603603604,0.011711711711711712,0.018018018018018018,0.005405405405405406,0.16306306306306306
822,1026,0.07797270955165692,0.015594541910331383,0.07504873294346978,0.05165692007797271,0.05360623781676413,0.04483430799220273,0.12475633528265107,0.1617933723196881,0.06530214424951267,0.17348927875243664,0.014619883040935672,0.01364522417153996,0.012670565302144249,0.11500974658869395
823,565,0.05663716814159292,0.01415929203539823,0.07787610619469026,0.010619469026548672,0.01592920353982301,0.1752212389380531,0.3734513274336283,0.049557522123893805,0.019469026548672566,0.09380530973451327,0.005309734513274336,0.0,0.005309734513274336,0.10265486725663717
824,1868,0.05139186295503212,0.009635974304068522,0.11937901498929336,0.021948608137044967,0.035331905781584586,0.0208779443254818,0.027301927194860815,0.11884368308351177,0.046573875802997856,0.3822269807280514,0.007494646680942184,0.020342612419700215,0.008029978586723769,0.13062098501070663
825,1616,0.10334158415841584,0.02042079207920792,0.10829207920792079,0.034653465346534656,0.06930693069306931,0.05693069306930693,0.013613861386138614,0.1188118811881188,0.06806930693069307,0.2524752475247525,0.014232673267326733,0.012995049504950494,0.027227722772277228,0.09962871287128713
826,1884,0.07590233545647558,0.013800424628450107,0.1735668789808917,0.059447983014861996,0.06528662420382166,0.006369426751592357,0.009554140127388535,0.1475583864118896,0.06900212314225053,0.11199575371549894,0.020169851380042462,0.05626326963906582,0.05042462845010616,0.14065817409766454
827,1538,0.11248374512353707,0.007802340702210663,0.20026007802340703,0.035110533159947985,0.07737321196358908,0.04226267880364109,0.015604681404421327,0.1046814044213264,0.12483745123537061,0.10793237971391417,0.013654096228868661,0.02080624187256177,0.0247074122236671,0.11248374512353707
828,3198,0.0484677923702314,0.0031269543464665416,0.09287054409005628,0.008130081300813009,0.03627267041901188,0.004377736085053158,0.17417135709818637,0.06629143214509069,0.01657285803627267,0.46153846153846156,0.0025015634771732333,0.00906816760475297,0.00375234521575985,0.07285803627267042
829,1090,0.0981651376146789,0.008256880733944955,0.21284403669724772,0.01651376146788991,0.05504587155963303,0.0045871559633027525,0.024770642201834864,0.12201834862385322,0.03394495412844037,0.23027522935779818,0.011009174311926606,0.03944954128440367,0.022018348623853212,0.12110091743119267
830,5354,0.03548748599178184,0.017183414269704895,0.09077325364213672,0.020171834142697048,0.01774374299589092,0.0014942099364960778,0.006910720956294359,0.12215166230855436,0.038475905864774,0.384011953679492,0.018304071722076952,0.017556966753828913,0.02054538662682107,0.20918939110945087
831,2126,0.08842897460018814,0.013640639698965193,0.1491063029162747,0.03715898400752587,0.045625587958607716,0.0028222013170272815,0.018344308560677328,0.11853245531514581,0.061618062088428974,0.1636876763875823,0.022107243650047036,0.05315145813734713,0.04233301975540922,0.18344308560677328
832,536,0.024253731343283583,0.0018656716417910447,0.44776119402985076,0.016791044776119403,0.033582089552238806,0.005597014925373134,0.029850746268656716,0.11007462686567164,0.020522388059701493,0.11567164179104478,0.009328358208955223,0.016791044776119403,0.0018656716417910447,0.166044776119403
833,1089,0.03213957759412305,0.018365472910927456,0.24150596877869604,0.01928374655647383,0.028466483011937556,0.0027548209366391185,0.04132231404958678,0.14049586776859505,0.03764921946740129,0.19651056014692378,0.020202020202020204,0.02203856749311295,0.0018365472910927456,0.19742883379247014
834,404,0.0049504950495049506,0.022277227722772276,0.3935643564356436,0.017326732673267328,0.019801980198019802,0.007425742574257425,0.03712871287128713,0.15346534653465346,0.03217821782178218,0.15594059405940594,0.0049504950495049506,0.012376237623762377,0.0024752475247524753,0.13613861386138615
835,778,0.033419023136246784,0.012853470437017995,0.2866323907455013,0.02056555269922879,0.05012853470437018,0.002570694087403599,0.10668380462724936,0.16066838046272494,0.02056555269922879,0.15038560411311053,0.002570694087403599,0.021850899742930592,0.0012853470437017994,0.12982005141388175
836,660,0.04242424242424243,0.006060606060606061,0.3696969696969697,0.015151515151515152,0.03787878787878788,0.007575757575757576,0.05303030303030303,0.1712121212121212,0.024242424242424242,0.09696969696969697,0.006060606060606061,0.02727272727272727,0.006060606060606061,0.13636363636363635
837,1987,0.026170105686965275,0.011575239053850024,0.10216406643180674,0.0377453447408153,0.03321590337191746,0.004529441368897836,0.01660795168595873,0.14544539506794163,0.021137393054856568,0.2949169602415702,0.00805234021137393,0.06995470558631102,0.0050327126321087065,0.22345244086562657
838,304,0.006578947368421052,0.01644736842105263,0.3618421052631579,0.049342105263157895,0.019736842105263157,0.013157894736842105,0.03289473684210526,0.09539473684210527,0.019736842105263157,0.19407894736842105,0.01644736842105263,0.0,0.006578947368421052,0.16776315789473684
839,659,0.01669195751138088,0.0015174506828528073,0.28072837632776937,0.02276176024279211,0.03793626707132018,0.004552352048558422,0.11532625189681335,0.16995447647951442,0.030349013657056147,0.20333839150227617,0.006069802731411229,0.007587253414264037,0.004552352048558422,0.09863429438543247
840,921,0.053203040173724216,0.013029315960912053,0.2258414766558089,0.02280130293159609,0.04125950054288816,0.003257328990228013,0.08577633007600434,0.10097719869706841,0.033659066232356136,0.1737242128121607,0.011943539630836048,0.04560260586319218,0.011943539630836048,0.1769815418023887
841,165,0.03636363636363636,0.024242424242424242,0.3393939393939394,0.01818181818181818,0.024242424242424242,0.06666666666666667,0.11515151515151516,0.09696969696969697,0.024242424242424242,0.13333333333333333,0.006060606060606061,0.03636363636363636,0.006060606060606061,0.07272727272727272
842,624,0.04326923076923077,0.01282051282051282,0.1330128205128205,0.027243589743589744,0.027243589743589744,0.009615384615384616,0.05448717948717949,0.1362179487179487,0.017628205128205128,0.16666666666666666,0.008012820512820512,0.09615384615384616,0.004807692307692308,0.26282051282051283
843,1055,0.03033175355450237,0.017061611374407582,0.07109004739336493,0.06066350710900474,0.024644549763033177,0.005687203791469194,0.021800947867298578,0.13175355450236967,0.04454976303317536,0.21137440758293838,0.013270142180094787,0.07677725118483412,0.0037914691943127963,0.28720379146919434
844,2160,0.03888888888888889,0.012037037037037037,0.19212962962962962,0.03425925925925926,0.04861111111111111,0.005555555555555556,0.04490740740740741,0.1550925925925926,0.04537037037037037,0.15092592592592594,0.008333333333333333,0.03981481481481482,0.004166666666666667,0.2199074074074074
845,1425,0.07017543859649122,0.011929824561403509,0.15157894736842106,0.04491228070175438,0.042105263157894736,0.002807017543859649,0.04631578947368421,0.1705263157894737,0.07157894736842105,0.19929824561403509,0.014035087719298246,0.016140350877192983,0.009824561403508772,0.14877192982456142
846,2000,0.04,0.013,0.2295,0.0275,0.0605,0.0055,0.0615,0.1635,0.034,0.153,0.011,0.0315,0.004,0.1655
847,2149,0.041879944160074456,0.01209865053513262,0.11400651465798045,0.031177291763610983,0.043275942298743604,0.002326663564448581,0.02652396463471382,0.13959981386691483,0.041879944160074456,0.21451838064215914,0.007445323406235459,0.04792926942764077,0.005583992554676594,0.27175430432759423
848,2096,0.026240458015267174,0.009541984732824428,0.23759541984732824,0.02099236641221374,0.042938931297709926,0.0019083969465648854,0.035305343511450385,0.1450381679389313,0.025286259541984733,0.24713740458015268,0.005248091603053435,0.033396946564885496,0.0028625954198473282,0.16650763358778625
849,4220,0.03909952606635071,0.015402843601895734,0.12156398104265403,0.027251184834123223,0.07890995260663507,0.0016587677725118483,0.06943127962085308,0.12393364928909953,0.04407582938388625,0.21682464454976302,0.012322274881516588,0.04170616113744076,0.0042654028436018955,0.20355450236966824
850,83,0.0,0.07228915662650602,0.39759036144578314,0.024096385542168676,0.024096385542168676,0.08433734939759036,0.024096385542168676,0.03614457831325301,0.07228915662650602,0.08433734939759036,0.012048192771084338,0.012048192771084338,0.0,0.1566265060240964
851,1580,0.0189873417721519,0.00949367088607595,0.08037974683544304,0.05063291139240506,0.006962025316455696,0.008227848101265823,0.02911392405063291,0.14936708860759493,0.039873417721518985,0.3658227848101266,0.007594936708860759,0.017721518987341773,0.00949367088607595,0.20632911392405062
852,306,0.02287581699346405,0.00980392156862745,0.4803921568627451,0.006535947712418301,0.016339869281045753,0.0032679738562091504,0.06862745098039216,0.0718954248366013,0.016339869281045753,0.16993464052287582,0.0032679738562091504,0.006535947712418301,0.0032679738562091504,0.12091503267973856
853,178,0.0,0.016853932584269662,0.5112359550561798,0.028089887640449437,0.011235955056179775,0.02247191011235955,0.011235955056179775,0.09550561797752809,0.056179775280898875,0.11797752808988764,0.033707865168539325,0.0,0.0056179775280898875,0.0898876404494382
854,349,0.025787965616045846,0.017191977077363897,0.24068767908309455,0.054441260744985676,0.04011461318051576,0.008595988538681949,0.10601719197707736,0.1174785100286533,0.04871060171919771,0.14040114613180515,0.02865329512893983,0.011461318051575931,0.0057306590257879654,0.15472779369627507
855,189,0.0,0.026455026455026454,0.2962962962962963,0.005291005291005291,0.042328042328042326,0.026455026455026454,0.047619047619047616,0.047619047619047616,0.15343915343915343,0.23809523809523808,0.026455026455026454,0.0,0.0,0.08994708994708994
856,85,0.03529411764705882,0.023529411764705882,0.5411764705882353,0.011764705882352941,0.07058823529411765,0.058823529411764705,0.0,0.023529411764705882,0.07058823529411765,0.047058823529411764,0.023529411764705882,0.0,0.0,0.09411764705882353
857,1398,0.06795422031473533,0.009298998569384835,0.1430615164520744,0.02861230329041488,0.03791130185979971,0.009298998569384835,0.030758226037195996,0.13376251788268956,0.035050071530758224,0.2503576537911302,0.01430615164520744,0.05221745350500715,0.01859799713876967,0.1688125894134478
858,1232,0.032467532467532464,0.005681818181818182,0.2597402597402597,0.033279220779220776,0.021103896103896104,0.008116883116883116,0.03896103896103896,0.08685064935064934,0.028409090909090908,0.36607142857142855,0.006493506493506494,0.008116883116883116,0.0016233766233766235,0.10308441558441558
859,867,0.01384083044982699,0.002306805074971165,0.3737024221453287,0.01845444059976932,0.04382929642445214,0.0034602076124567475,0.06920415224913495,0.1245674740484429,0.01384083044982699,0.2364475201845444,0.002306805074971165,0.014994232987312572,0.002306805074971165,0.08073817762399077
860,1211,0.037985136251032205,0.009083402146985962,0.2320396366639141,0.033856317093311314,0.042939719240297276,0.00495458298926507,0.033856317093311314,0.13955408753096615,0.04541701073492981,0.21882741535920727,0.008257638315441783,0.03468208092485549,0.00495458298926507,0.15359207266721717
861,1151,0.051259774109470024,0.008688097306689836,0.14509122502172025,0.04778453518679409,0.04170286707211121,0.004344048653344918,0.06429192006950478,0.11468288444830582,0.06950477845351868,0.2380538662033015,0.013900955690703735,0.03388357949609035,0.019113814074717638,0.1476976542137272
862,347,0.069164265129683,0.020172910662824207,0.11815561959654179,0.020172910662824207,0.05187319884726225,0.069164265129683,0.025936599423631124,0.18155619596541786,0.08069164265129683,0.18155619596541786,0.023054755043227664,0.008645533141210375,0.005763688760806916,0.1440922190201729
863,2508,0.039473684210526314,0.0171451355661882,0.0905103668261563,0.043859649122807015,0.058213716108452954,0.004784688995215311,0.03110047846889952,0.16905901116427433,0.040271132376395534,0.22009569377990432,0.009569377990430622,0.05661881977671451,0.007974481658692184,0.2113237639553429
864,1156,0.03546712802768166,0.006055363321799308,0.08996539792387544,0.03633217993079585,0.01903114186851211,0.0025951557093425604,0.04411764705882353,0.09948096885813149,0.015570934256055362,0.40570934256055363,0.010380622837370242,0.012975778546712802,0.01124567474048443,0.21107266435986158
865,157,0.0,0.0,0.4140127388535032,0.025477707006369428,0.03184713375796178,0.01910828025477707,0.11464968152866242,0.08917197452229299,0.025477707006369428,0.21656050955414013,0.0,0.0,0.0,0.06369426751592357
866,808,0.02103960396039604,0.011138613861386138,0.15346534653465346,0.03341584158415842,0.017326732673267328,0.009900990099009901,0.03589108910891089,0.12623762376237624,0.04950495049504951,0.35396039603960394,0.007425742574257425,0.01485148514851485,0.0049504950495049506,0.1608910891089109
867,1095,0.047488584474885846,0.0182648401826484,0.10776255707762557,0.045662100456621,0.03561643835616438,0.0027397260273972603,0.038356164383561646,0.19360730593607306,0.029223744292237442,0.27214611872146116,0.006392694063926941,0.017351598173515982,0.0136986301369863,0.17168949771689498
868,791,0.01643489254108723,0.006321112515802781,0.15423514538558786,0.04424778761061947,0.020227560050568902,0.0025284450063211127,0.035398230088495575,0.14917825537294563,0.045512010113780026,0.30467762326169406,0.0050568900126422255,0.018963337547408345,0.010113780025284451,0.18710493046776233
869,48,0.041666666666666664,0.020833333333333332,0.16666666666666666,0.020833333333333332,0.041666666666666664,0.041666666666666664,0.041666666666666664,0.10416666666666667,0.020833333333333332,0.25,0.0,0.0,0.020833333333333332,0.22916666666666666
870,94,0.02127659574468085,0.02127659574468085,0.44680851063829785,0.010638297872340425,0.031914893617021274,0.0,0.0851063829787234,0.13829787234042554,0.0851063829787234,0.0425531914893617,0.0,0.0,0.0,0.11702127659574468
871,187,0.03208556149732621,0.0106951871657754,0.3048128342245989,0.0106951871657754,0.0374331550802139,0.016042780748663103,0.053475935828877004,0.10695187165775401,0.0748663101604278,0.10160427807486631,0.0374331550802139,0.016042780748663103,0.016042780748663103,0.18181818181818182
872,216,0.041666666666666664,0.018518518518518517,0.09722222222222222,0.018518518518518517,0.05555555555555555,0.023148148148148147,0.12037037037037036,0.0787037037037037,0.08796296296296297,0.18981481481481483,0.009259259259259259,0.041666666666666664,0.0,0.2175925925925926
873,76,0.013157894736842105,0.02631578947368421,0.14473684210526316,0.013157894736842105,0.039473684210526314,0.0,0.10526315789473684,0.18421052631578946,0.039473684210526314,0.25,0.02631578947368421,0.02631578947368421,0.0,0.13157894736842105
874,88,0.011363636363636364,0.022727272727272728,0.1590909090909091,0.022727272727272728,0.125,0.011363636363636364,0.07954545454545454,0.11363636363636363,0.125,0.22727272727272727,0.011363636363636364,0.022727272727272728,0.0,0.06818181818181818
875,874,0.059496567505720827,0.009153318077803204,0.15331807780320367,0.02745995423340961,0.041189931350114416,0.003432494279176201,0.07780320366132723,0.15560640732265446,0.043478260869565216,0.2425629290617849,0.006864988558352402,0.018306636155606407,0.019450800915331808,0.14187643020594964
876,306,0.02287581699346405,0.02287581699346405,0.17320261437908496,0.00980392156862745,0.026143790849673203,0.00980392156862745,0.30392156862745096,0.06209150326797386,0.09803921568627451,0.15359477124183007,0.00980392156862745,0.0196078431372549,0.0,0.08823529411764706
877,999,0.06506506506506507,0.006006006006006006,0.05305305305305305,0.07207207207207207,0.031031031031031032,0.004004004004004004,0.012012012012012012,0.14214214214214213,0.05005005005005005,0.33733733733733734,0.007007007007007007,0.02702702702702703,0.008008008008008008,0.18518518518518517
878,536,0.10261194029850747,0.014925373134328358,0.06716417910447761,0.041044776119402986,0.026119402985074626,0.0037313432835820895,0.020522388059701493,0.1884328358208955,0.061567164179104475,0.31343283582089554,0.016791044776119403,0.009328358208955223,0.027985074626865673,0.10634328358208955
879,1135,0.027312775330396475,0.004405286343612335,0.10572687224669604,0.027312775330396475,0.02555066079295154,0.004405286343612335,0.05110132158590308,0.1013215859030837,0.016740088105726872,0.5162995594713656,0.001762114537444934,0.007929515418502203,0.007929515418502203,0.10220264317180616
880,360,0.05,0.008333333333333333,0.11666666666666667,0.019444444444444445,0.06944444444444445,0.0,0.38333333333333336,0.07777777777777778,0.030555555555555555,0.15833333333333333,0.002777777777777778,0.013888888888888888,0.019444444444444445,0.05
881,100,0.03,0.0,0.5,0.03,0.02,0.01,0.09,0.05,0.02,0.13,0.0,0.0,0.0,0.12
882,71,0.028169014084507043,0.04225352112676056,0.2535211267605634,0.028169014084507043,0.014084507042253521,0.0,0.08450704225352113,0.11267605633802817,0.1267605633802817,0.2535211267605634,0.014084507042253521,0.0,0.014084507042253521,0.028169014084507043
883,118,0.00847457627118644,0.03389830508474576,0.4661016949152542,0.0,0.0423728813559322,0.00847457627118644,0.0,0.11864406779661017,0.0423728813559322,0.09322033898305085,0.0,0.00847457627118644,0.00847457627118644,0.1694915254237288
884,79,0.012658227848101266,0.012658227848101266,0.3037974683544304,0.06329113924050633,0.02531645569620253,0.0,0.012658227848101266,0.22784810126582278,0.1518987341772152,0.10126582278481013,0.012658227848101266,0.0,0.0,0.0759493670886076
885,56,0.05357142857142857,0.017857142857142856,0.5357142857142857,0.017857142857142856,0.05357142857142857,0.0,0.10714285714285714,0.03571428571428571,0.03571428571428571,0.08928571428571429,0.017857142857142856,0.0,0.0,0.03571428571428571
886,66,0.030303030303030304,0.045454545454545456,0.36363636363636365,0.030303030303030304,0.015151515151515152,0.015151515151515152,0.22727272727272727,0.06060606060606061,0.030303030303030304,0.10606060606060606,0.015151515151515152,0.0,0.0,0.06060606060606061
887,205,0.00975609756097561,0.014634146341463415,0.12195121951219512,0.05853658536585366,0.04878048780487805,0.004878048780487805,0.03414634146341464,0.1951219512195122,0.1024390243902439,0.17560975609756097,0.00975609756097561,0.00975609756097561,0.01951219512195122,0.1951219512195122
888,2450,0.04938775510204082,0.009387755102040816,0.05877551020408163,0.0636734693877551,0.060408163265306125,0.0012244897959183673,0.015102040816326531,0.17591836734693878,0.045714285714285714,0.28285714285714286,0.00816326530612245,0.04081632653061224,0.005306122448979592,0.18326530612244898
889,2640,0.05946969696969697,0.019696969696969695,0.05113636363636364,0.04393939393939394,0.04242424242424243,0.0030303030303030303,0.012878787878787878,0.16098484848484848,0.04696969696969697,0.2375,0.011742424242424242,0.04772727272727273,0.012878787878787878,0.24962121212121213